source_line,record_id,disposition,reason_codes,duplicate_of_line,raw_row_sha256
2,20251104-N-PM,ACCEPTED,,,eb4bc4abac936d20fcd1cbfe3627b270d2717aed6145716daaa3f5dab12419f1
3,20251124-N-AM,ACCEPTED,,,2341b703f51a3ee0009ca8fe5b8b24c302bf9decfecf6999bc171c9acec51cb5
4,20251106-S-PM,ACCEPTED,,,73f96169863f81abebb4e5185ef58879c2e4ad3a3a428f8c8d4d5742da12fe9d
5,20251016-S-PM,ACCEPTED,,,a7218c1978b0e124f1469401953aba93170c7e8324c5e38df54f31ac886c3aca
6,20251224-S-PM,ACCEPTED,,,73aeeba419dee51423c8783cd89fc58bf325e57c87237261ce368603694833b9
7,20250819-N-AM,ACCEPTED,,,9967569509a370fb732b1467daecf41529e23fe51095033f505ba351bd47bc7a
8,20251209-N-PM,ACCEPTED,,,9d05a74934426aba3f522ac1daee7c18683902d7b0a5210c1f17f89232248ffa
9,20250929-S-PM,ACCEPTED,,,42a18c55e99fca1f55dfed9b9705c726b25db8ce18052b12db84e97847d758a5
10,20250930-N-AM,ACCEPTED,,,c9a871e8017eb9e5aa72dcc0c289df3822a74c08c0a78f9176622536bd42ad09
11,20251031-S-AM,ACCEPTED,,,4310cd34853335eaa3268d8cccc58f20721a4e2b0f39c26f145ed5316711ee7f
12,20251223-N-PM,ACCEPTED,,,25c58a95f1c6b2fcf966850b4ce8ee9cd4256984715947c1e992d8b933a3cfdc
13,20250814-N-PM,ACCEPTED,,,c95da7e7d5ec842b39f72ac5173d0d9e9b9c4946250a86e9c6cdefec8de0ea5e
14,20251007-N-AM,ACCEPTED,,,6a4e105b6092b6b5b6dadd237197bcdcb18fd0d2c6aa09bfb6563af356cc32d8
15,20251031-S-PM,ACCEPTED,,,3ef9dc5f25ada152cfa9a97717aad46c9df5e54243420518afbe5c7631c4e394
16,20251021-S-AM,ACCEPTED,,,362ec789713d5f1a3ec57c93a2b1309d2c4ceeeaae6d0cc45da28986efb9c7c9
17,20250806-S-PM,QUARANTINED,SUBSET_BOUNDS,,057ef3ead54291e3b57634e38608338c5fe9bafd2a250829004219af05bec607
18,20250902-N-AM,ACCEPTED,,,f1ed89c3173ee0954758f30d82a908d0d955780fb2ca9a4b2f95a53c2d5ceedb
19,20251216-S-PM,ACCEPTED,,,fa09401315e4086875b415e118d65ce1946af4295a276b2a1d95509e054ea7a9
20,20251015-N-AM,ACCEPTED,,,3495a4ecbdc63788c288177b0e0fbb52d334d6a439ece31f803328b52f377ea3
21,20250702-S-PM,ACCEPTED,,,1cd7619784da2411d6d781789131b4a6f69e16617e6da66ecd992c87a5c61530
22,20251020-N-PM,ACCEPTED,,,0149ed9a29e1cd9a401f51fa63a9d3e917e3e4eb40a6e0d8214b4917b1943622
23,20250703-N-PM,ACCEPTED,,,83391856948594efc6b2f8ec728e5ef4d4726564645eeb331f1feb139513fd12
24,20250905-S-AM,ACCEPTED,,,e0bfcd7a1ad3fa842868007403450435c8622a515bc49e97dcc73a36f18a2be4
25,20251010-S-AM,ACCEPTED,,,f72c7fcbdbcf26e7f86893d06eec58ef0e5e72d07a8593d7c529efa49876f988
26,20250827-N-PM,ACCEPTED,,,fc60df4ae2f9baac8912338b9a8b733cba265fd7f55d2e6c94ef65514ac0f8d6
27,20251013-S-PM,ACCEPTED,,,1a00d5a69fdb647187ce9e0eececd5b541c6f0e35400316d228e1a2f04b30158
28,20250923-S-PM,ACCEPTED,,,32791556fb7298cc10639b60a68b85a21d72d1ddeaaceb14002384cdb2ddf681
29,20251118-N-AM,ACCEPTED,,,b0976523b4e47bedf13bac1100cc5c87c124b1589da71c5d5f21ad77ca5ad7dc
30,20251209-S-PM,ACCEPTED,,,6cc8e5ef69070b497ebd79d09999d05cc2f5ee61f57ad6f82ba0bb7f449c02e8
31,20251105-S-PM,ACCEPTED,,,8e2bc514df48051a39adccd8a579399100316d473ff65c88660cc0afeb0348d4
32,20250828-N-PM,ACCEPTED,,,a00507c6c3a1d759deb00e440ab1177cc5afdd3f62ce4ce95cebe988a268928b
33,20250924-N-PM,ACCEPTED,,,517e6146390b66ae55b0a9c04d0a87532fcae06d13023de6859e53c522da57c9
34,20251112-S-AM,ACCEPTED,,,8543c8bb2250a91fa8dc9f9e0507d070f9d7909c9efc2298819a9e7cf6ed1d71
35,20250822-S-AM,ACCEPTED,,,cf20c5b1f0e4e4009a3cb4d6e582ad2471f32cdb7a94f9069450b26a7b0cf145
36,20251225-N-AM,ACCEPTED,,,6d4dd2f1e56455d594164e67ba003786f4ccaa5c74d535d51970ccc204dadddb
37,20251127-S-PM,ACCEPTED,,,6f533b527ecd7690c69505c19d370d1564f0bfe33a2d084cbc43536d91b1ec7d
38,20251029-S-PM,ACCEPTED,,,cc1ce3be697d3c97760219c4735cc366742a8a1739926ea593c08c855e5dba5d
39,20250815-S-AM,ACCEPTED,,,bddfaed2888059652739eaaf2e11fc09d1cfe857dfcefbed84a9e86ea5bcaf7d
40,20250711-N-PM,ACCEPTED,,,ae5943f7ca5ef9e5a899f65b847bd363fc4b679115323bf1ffe1ee8d83004fe6
41,20250912-S-PM,ACCEPTED,,,24e5285c30bf9f6bf4eaa23ab69be19bb0720c375ef3b547cfeb9e8e68c1949b
42,20250729-S-AM,ACCEPTED,,,0ea3667cc0810ac0a421e9448cfc3c355c291cffbb6cccdebbe2079432337a1a
43,20251126-S-PM,ACCEPTED,,,c6871639d983473bbbdb05a9855160e4b3ffdd8613225ca2b292fc755cceea67
44,20250710-S-AM,ACCEPTED,,,9b23f20d08798825b640080ab1d3c985ae88162035abd0142289cddd62e7d799
45,20250822-S-PM,ACCEPTED,,,373c289227c5c432f3554a0a434cb67b6750b3bf02591ec282e7ab23636f05e4
46,20251219-N-AM,ACCEPTED,,,70307aa7f8b4fbc0f698a02b6ea9a8c552cc9e9e5c74fae52af4e97b330a0d89
47,20251022-S-AM,ACCEPTED,,,7c6a274e286252ccccf0ad2a40e4fdaac890846b3a50ff47d27f058ab8047b54
48,20251031-N-PM,ACCEPTED,,,2f063cfd7d8d793b25d9f75a9a218abc83ef0fd92ca5a0d69307e2c2ecd50ece
49,20250714-N-PM,ACCEPTED,,,b655e39fd8b8441926a76721fee14d8b3cfc66a419f84d30b3db718075db675b
50,20250819-S-AM,ACCEPTED,,,c5e473f8a9d1be035a48bbd9b9c4c95fd0bcee891b3855ba4be17d481c47848a
51,20251205-S-AM,ACCEPTED,,,8087d1ee35b1a11888cb140e11ddfb7f615ec1f914ee1bcc64928cabc083f156
52,20251120-N-PM,ACCEPTED,,,d0abab5cfe9b5c72af57ae7055de0207791214665de13807041ee80f319f6912
53,20250910-N-AM,QUARANTINED,DUPLICATE_CONFLICT,,b2b6d3e8056597d1b6af6f82b307e84267b13d89093e5db9c707b4223987e471
54,20250916-N-PM,ACCEPTED,,,108e81ad8135650e6b2cfe395e5e305dce4413c5d5dc40f22f88e0ba97b55ca6
55,20251119-N-PM,ACCEPTED,,,6f343fd14f6e0dcedb0b0bf61e17709b150583f019fb0ca40ac17a7642864798
56,20250731-S-PM,ACCEPTED,,,b000a718dfa39be518311a6ef31bceb1be8a778483ee8d38892897dbbe6419bc
57,20251231-S-AM,ACCEPTED,,,4ee2cb8f367543c479361ee84f18e05045d6ff77939e0109a24e31279161db8b
58,20251212-S-AM,ACCEPTED,,,126e184b6c829a5b1e3ba970e9b6da945d9473dddaa56b63dae872dfb34d5c81
59,20250818-N-AM,ACCEPTED,,,e33146fe11fc971b0cdd0afd6b1978e52b2b2e63e1bd0f90ad355b91c20fb5e1
60,20250910-S-PM,ACCEPTED,,,070753b800a511889b73654b0ae9f2e1ebee103caadcaf2058e955cbbd5e7ca5
61,20250717-S-AM,ACCEPTED,,,57ae2765be0e0c8972bc62ecece65660d777d6b6c5480de1d65b0d860ef9607e
62,20251029-N-PM,ACCEPTED,,,4becea0b65895b3fc351267c1ebde42faf25f6390900355831ba6044d6f43c11
63,20251104-N-AM,ACCEPTED,,,11d298ad5c018f7bf74dd00014525a7b381ec21c3f0a2c5c2d24e2896e3df45e
64,20250923-N-AM,ACCEPTED,,,a1dd9f9d9bd750f9f13919b7237f16fb75b3d81c9ac5e396aee7f38fd12ce4fc
65,20251117-S-AM,ACCEPTED,,,c0fa0a13020992c7769fbb55edd941fd512c94ad56769293a1576a31191794e3
66,20251103-N-PM,ACCEPTED,,,738a76d815fd0fa32d1b7b34d79cdea663fa2b7296a9e111ba49e05149102847
67,20251024-N-AM,ACCEPTED,,,5406a89bf1f26f8e6d70707e1e0d091c8631797131c616f3bedb30d10480f979
68,20251203-N-AM,ACCEPTED,,,d90314f4ede60eed019ecc6bdf80d8b5b05daa3e6322ead2bbfb51d49af0f9b8
69,20251113-S-AM,ACCEPTED,,,1b244217108724c7ef949d06de27f271cd5769e2795a8226b0b6d174165141d4
70,20251110-S-AM,ACCEPTED,,,63cf4d81aa06e51f936397e5fc7786274758a3cf61e1b9ef399375b0c6280832
71,20250924-S-AM,ACCEPTED,,,817304174fe030f6a34f0b6eac475628e9631f2f940d2f13ac2b81b397710fa0
72,20251124-S-PM,ACCEPTED,,,5941972089a195a7f7c3001ab1090b3602109bc0ea09e6856a37874bfd9ef4f1
73,20251209-S-AM,ACCEPTED,,,31abc00e84cc080057f541c18de4d1e909477f01250b3b954b9a0aae41d70156
74,20251201-N-PM,ACCEPTED,,,9e54b827c7d410bc9917cf8f637cbba14cc4ef8f640c10bb17244b3373246bac
75,20250715-S-AM,ACCEPTED,,,050b54bb674e836ea78d59cc92ee3718576178a8029c9d093984d4bbef790534
76,20250701-S-AM,ACCEPTED,,,d0b731882d64ab4148a299118c1e772c5fb2cd9c442dfd825309510d01f126e8
77,20251106-N-AM,ACCEPTED,,,63926a45370ea778a748816ca5c27ebaeb361af81935e51abf002e3eddf1032a
78,20251205-N-AM,ACCEPTED,,,62e46dcc6774567b433b55d6b28bc221a1b463b1b09cc3bda750db1476ac9b78
79,20251021-N-PM,ACCEPTED,,,4dab4e9b92cfb2f3ee8cc2cd26f77ba4f158dee29976a7a5531a79c54d43ba56
80,20250729-N-PM,ACCEPTED,,,392c16dcd6929fd2aa193d42d2879193a338f3ed9ea88f590a96ee74120ebd04
81,20250919-N-AM,ACCEPTED,,,5e0f37e35b2239772c50f31cf6b9442545da77138d7913cd77aa749693712d2c
82,20251013-S-AM,ACCEPTED,,,2047b1beca1833e411587064e3872c2e8635c8cdf875d4d49b014b5e99883dc1
83,20250710-S-PM,ACCEPTED,,,4145d109136ee908521069f66d9b46d5b5b2f6a5bc0e74925c4c6b16174550e9
84,20251121-N-AM,ACCEPTED,,,be8ba7d073349fcf72842d6da607f580652ebc5d00a4d95de1ca0387208e874d
85,20251014-S-PM,ACCEPTED,,,6bb5f7b2fd20b92ce648db3627e86994990bbe3feb41859911eb140add2f62ef
86,20251126-N-AM,ACCEPTED,,,b1fe5324fe9f6a2461107fed484ea1b772fd2c6567cf9deff318991a5f03d6b8
87,20251125-N-AM,ACCEPTED,,,2fcd33f19ce330a58a46aaf72c1b342d655d5a297b8c830b9413b30f5e7133ac
88,20250901-S-AM,ACCEPTED,,,417aab76e08e6fe08865353528921429ce9579bab76b06ce6cbb1dfc6bef3327
89,20250917-N-AM,ACCEPTED,,,c40a81cd611c2d4107a22c28ff5cbe933c74c7c18dc1e86a4674687c245c1e90
90,20251212-N-PM,ACCEPTED,,,6fe44b40ac0f3b634c7186f00c8252e27a641c315ee447fd4eb02f08010b3139
91,20251014-S-AM,ACCEPTED,,,04cae37a6a9c5848a73a9ca52bd00eb94d4672c58723c0d2c59b7880344f8a29
92,20250702-S-AM,ACCEPTED,,,956bb940f701c370785ebda21563877f0cec6ab9f0f65a5704d32d8fa073cf8e
93,20251028-S-PM,ACCEPTED,,,69b75ea001d7efb3a9249b3a0f13c37c4a5d429ad8b1a14273e1da521b7b0516
94,20251003-S-AM,ACCEPTED,,,720be9709e63455de5a4206ebbfabb7d0454f31c257e76029adf7adf1704e077
95,20251014-N-PM,ACCEPTED,,,4d1d67a4d6e22d54ee4758d10b4f8ea2ac8cacb5ecb2d64518cc78501817d9d7
96,20251117-S-PM,ACCEPTED,,,35c3e9fa312ddce4ee766536d08d9e1d9957d4bf55361c0688e3259efc7a46d0
97,20251203-S-AM,ACCEPTED,,,11a7bfc5a6c22ef8f085c5339947464b33be9d0b3754c933da5966fd5035cbb6
98,20250829-S-AM,ACCEPTED,,,7825d070b69a54a26cc461c7ca67a5ec0d02a0ceedc4d87590b5138911c00f60
99,20250916-N-AM,ACCEPTED,,,23d466fce2e2f56d88e51e1b0080e1123c14e6b97486bd33bf05d59eeadce395
100,20251217-N-AM,ACCEPTED,,,f68d71d257e8382e846e624965127d3edf5f2040f84d36049e993cda118e1cb0
101,20251030-N-PM,ACCEPTED,,,a652dd121682382bdc55ef32009c20eeaf2a41d753260d8322eb25f14619c6d7
102,20250804-N-PM,ACCEPTED,,,fb969a61c2066acb53f536dabc4edcecebe95adc673a49b63c4a9cc756309fc0
103,20251201-N-AM,ACCEPTED,,,4cfab359a06d048a765e29dc3f06eb10f6075268341104ddb2594fc2829b4166
104,20250904-N-PM,ACCEPTED,,,b0d83151785967b55422898d7ca62694f99239c5eb7dd35076e9d5519be42bd8
105,20251219-N-PM,ACCEPTED,,,b5d9769f86160c87e02b36d5e7aa9ee179aa4e40f76c8eeda1d4667016e4c0c8
106,20250807-S-PM,QUARANTINED,NONPOSITIVE_HOURS,,046c3359e74b9782597a28ecbf10e55b1db2dd741ccc4953ea667b9dff8a9ba9
107,20251126-N-PM,ACCEPTED,,,803f36d1f9970f18a05e47ff561d62c4e9d439454b46db63377db5de464eb464
108,20251118-N-PM,ACCEPTED,,,cbc91a4c554667b4be81d856f9ef468e641ed9aaf3b3dbc908b3975f691e4efb
109,20251008-N-AM,ACCEPTED,,,c6bbcb060e6b369cbf22320ad8e8258b9c037c336258b233e5840d18e4cb557e
110,20250721-S-PM,ACCEPTED,,,7d2bf45a2927d3536f76a80b29d95feadd92f87ad0f993735ce37cae853d1ed6
111,20251204-N-AM,ACCEPTED,,,24299b79d0fc23ce9fc4c882b6d06f3c162cf537ecfefe454cf75f4680a36428
112,20250716-S-PM,ACCEPTED,,,6c89d419df715f52ec161d9cf523104a8e5d796e3abd7a16a51b6166146b0c4a
113,20251031-N-AM,ACCEPTED,,,bfad21fd143e157e86a26c2cdf2c7c7071ac3bdbd0771800eccc746ab94af466
114,20250905-N-PM,ACCEPTED,,,382ffc70186a48d287d49c0ce0a939824120472560da3dc4b4164f9a8a9b5ea5
115,20251217-N-PM,ACCEPTED,,,58b9f3830d0ccc01e91f39a6d6f3e5ed625d8d664edaddba6aa4ef5dbc095f00
116,20251020-S-AM,ACCEPTED,,,85f1ebba26626fe5cbd730b3a0ba2e60bf296155de5c5387d5b38a583701bdc9
117,20250729-S-PM,ACCEPTED,,,1e9c23cd0a76337e975b42a74a1c1dd94987ac7b8dd409dfd74e1802ca968ec6
118,20250915-S-PM,ACCEPTED,,,7abb7993738ac59b5e6c790ea66dba2bdf550ba988cac22690eab8ab27749f6d
119,20251222-S-AM,ACCEPTED,,,3dced78871f352c6e5d29d0a3631af98c0f8da18cd2ece0457e6fde55b877c2d
120,20250703-N-AM,ACCEPTED,,,a3cbfc6b96ca73971ea6095622e6c1844c1a286863f6cacaf8f83799b1f90b30
121,20250731-N-PM,ACCEPTED,,,5b5c41b7005971bb684e6ffa4babc61c72582baec6bed7a7d21cfb40f0622ea7
122,20251210-S-AM,ACCEPTED,,,81a29f36955dc4c524cab383e4456fcc611e31fb5ac72f59be5915ec750b075b
123,20250716-N-PM,ACCEPTED,,,bfd8bfd0d08bd3d3c065151afd276b20eddfc89bcc67be6092c162304e7ccaaf
124,20250926-N-AM,ACCEPTED,,,d6ca2985a23a3077510228a4b4b4e4747f492985eb85ce0233afed7028833aa9
125,20250707-S-AM,ACCEPTED,,,7e5c8abdd03db25bc904e6c49f9472bcc43b5c9ab1d860e9f67e36f38f0d217b
126,20250815-N-AM,ACCEPTED,,,9d48aebe507a3bdc2a2f81cb23b941324d87a9fd30fdd353b2ec2253281b35c2
127,20251111-N-PM,ACCEPTED,,,3346c28e4db945c4c136a49bf84ba1df7562a451f2961a9467079af642674b91
128,20250825-S-AM,ACCEPTED,,,051f33f94d63b1d69d1ee9f823b2f01a2153115cff4e53298306f2afb34bd8f9
129,20250808-N-PM,QUARANTINED,NONINTEGER_COUNT,,b1897d81036eaeba0b1ba4363137273d7c37b36eca7ab172efb63d62685351f6
130,20250708-S-AM,ACCEPTED,,,30ddb09a6795ec37cf3dec192b0271fa94952404b125c6f839eddc20e204c29b
131,20251127-S-AM,ACCEPTED,,,861bc37835880fef6cb16a04f68777689bd7d275ca0f2b70a364807dd9b05639
132,20251006-N-PM,ACCEPTED,,,32d727924bb73999b62d09a4af1993dc5fd29ab2fb706604ebdc69c98ae78b71
133,20251121-N-PM,ACCEPTED,,,bc9476da17d4fda57dc9fa3c8cf1c934d62fc13f3284a4382504b7a5e41fc7df
134,20250818-N-PM,ACCEPTED,,,9185e31ac08d76b7ceb91ace7dde4dd799644f0e42803004a48c511da2d2353b
135,20251127-N-PM,ACCEPTED,,,692d9594fc4fc45966dec5b24d9fee8eb2ae8ccffeef6003eb7bf850b494b38d
136,20250918-S-PM,ACCEPTED,,,71c6d7c9b9347b13abee4ceebe93f179e647541996c14dc4746e20edf662a47a
137,20250919-N-PM,ACCEPTED,,,55523388b5887628b361488ebdb56d99c8ebdcd0b0e428a7243d3600ba3324bc
138,20250707-N-AM,ACCEPTED,,,15074719597ab8cdff149840130b5a7ba750b1e223f0d7df5a12c42b5735685a
139,20251104-S-PM,ACCEPTED,,,ec30b6661f92a47822415a264396f93e5173fd92caf3b0e021fcabba6ab9c1bf
140,20251030-S-PM,DUPLICATE_NORMALIZED,,421,b9ae67f0ca1114b0c7c082e1633002c6898b9f77d50d0914c1df616273b8e7c1
141,20251008-S-AM,ACCEPTED,,,eaa97df9d096aec5f82608ad06d646682cf8e30287dcf8ddf0e9651d5404f91e
142,20250909-S-AM,QUARANTINED,DUPLICATE_CONFLICT,,ede388f635e9ffc3ffbdd567f577ccbdfb7663e97873ef5be2cb98c9d97aeaa7
143,20250704-N-PM,ACCEPTED,,,29557700bc5d8a0f515c3283f58286d024f0b3f5e789e561265faa2fc73745cf
144,20250711-N-AM,ACCEPTED,,,e30d4aa8a42d4e565e81121cf55831e8c1cff7603b99951f31301ae71f5efba9
145,20251204-S-AM,ACCEPTED,,,dadfeed525aaf1a1562cf7eb13ed7d92d0f487517e949c99b6c4da44f5af2e62
146,20250820-S-PM,ACCEPTED,,,7c77692bf1368f18653df78a6b592decc751e6c1d47dbb8c4c3554c823102588
147,20250807-N-AM,QUARANTINED,MISSING_VALUE,,2446e16b5358c53c0f9b56f08af85244e72e9c6b1c88fb9963cfa1bc0c78f0ef
148,20250819-S-PM,ACCEPTED,,,5d2f25ce6b16cd57edfb6bb6bf7c950ca364f4d3e5119a8a21a87e481f69a2ce
149,20250929-S-AM,ACCEPTED,,,a1c287690ea298288047a2575f41f11bb0ec78e7b010ac08e6dbd737cb575867
150,20251009-N-PM,ACCEPTED,,,4db809ad8272779d7a5ad803586729122759c811977ec4289c7402285acb2d1d
151,20251229-S-AM,ACCEPTED,,,815ee3e731342ec83bea13d0823df5ec464e66305c6a906bbf414151aa623a6c
152,20251027-S-AM,ACCEPTED,,,d4332f042e51bd9a4a0c0004cff58f001de202dfdfef0edfe6353b73d7c3e6e0
153,20250904-N-AM,ACCEPTED,,,e0e0622db300b69e9d839ce763be7da8d8132a983737f93bba3bafd0e19ec372
154,20250717-N-AM,ACCEPTED,,,ab18584a68ebb912ff48f4be9fc14ef29a217a2b3145e8053dc306f0e3f14e4d
155,20251120-S-PM,ACCEPTED,,,43f93520633df3ab9e6ab8984319cda45ad12f837f7e002f7540adcb2f49dbc0
156,20251224-N-PM,ACCEPTED,,,2f7c59b706990125495810189b4e9f283d022735a33cabb17799233127b2a5eb
157,20250808-S-PM,QUARANTINED,SUBSET_BOUNDS,,ff9abbcd5c58614153dd7c8361593b436671ed626e9cf59cb268cc82fd79e2f2
158,20251111-N-AM,ACCEPTED,,,90b3022db261f72b63d128b7616f3699acca9ca7181564c1d96d15cf8a4d52fe
159,20250827-S-PM,ACCEPTED,,,6a0ac7ee312c268503251cd5ed370308748661abbe58a88dd14ee65be3544f98
160,20250916-S-AM,ACCEPTED,,,6ddebebcb4a99cee7b918b46af7fed54979b70ff5bf36bbf4f19a7203c0138cf
161,20250902-S-AM,ACCEPTED,,,0ed31c7c0fde594fcfd77c2151c0ae4c05f5e5394ea506cd6385765bdc090f1f
162,20250930-S-PM,ACCEPTED,,,fd41b1ad2067c9b716b8f9192c5a3016717db7a64fa6c43bf7d4d73f118da132
163,20250908-N-PM,ACCEPTED,,,3461f188c2eedd0e40af4f95553ac2041f7def6e045d0e71d2654ce3bacf96d3
164,20251103-S-AM,ACCEPTED,,,4314945506ee95e085af88a068188586acafe8930eab03abd563017e594e7273
165,20250718-S-PM,ACCEPTED,,,181ea6c87f215a990a9f1b68aeed5f33054c605c05f78ec693ac3f8cfa60efbb
166,20250917-N-PM,ACCEPTED,,,21e14f4bc19349216e63e4f718ce2566d07bf945bff2f29c30b4d7811715f2c3
167,20250707-S-PM,ACCEPTED,,,3126076418eb5da6673e4fc6d0bc74314159f14dcabf37d91fb48c8d37e585bd
168,20251215-N-AM,ACCEPTED,,,35c4b85fa9ce8e7cc96ee804c8eaf92f8153181c671b392940f6f5a55800ecbf
169,20251008-S-PM,ACCEPTED,,,56a8ec718f868cdee265cf3dc87a0e71844e64697251f7d6b10ad2595d3846d5
170,20250829-N-PM,ACCEPTED,,,fcf3da6a58b589a8cce7f0b66155f5e7712ca360d79008ef805bd934ff0b7605
171,20250704-S-AM,ACCEPTED,,,50a894cb3d0b576ba6d46f6fa704b6a90da942c00fe31986e43a1f97888fc49c
172,20251230-N-AM,ACCEPTED,,,c6d534f384bb35463b8e23f7d9d3de245ce55b0a32d3c06ae4e09430a0d1bedc
173,20250722-S-AM,ACCEPTED,,,c5be98c4e10e85b1bf292cde98940d22e93e23845d288b4d837b9b6756a5dd4c
174,20250711-S-PM,ACCEPTED,,,54411bba9e8df856bacc2bfb80f1d11786f4ce5905dae6b511dc542d2345cb26
175,20250801-S-PM,ACCEPTED,,,07d498798133924a1b0180b485d826066e3bb33f8942a9a152d91f9966685436
176,20251015-S-AM,ACCEPTED,,,ed36b5492bb346bfd9226d4b7867ef8a00abb09b3d1da3f149db581caee56079
177,20250912-N-AM,ACCEPTED,,,3b55f2c113da70a6e2f8deb97e43fee78169a0ff43fd952f03c88759a8f76b26
178,20251222-S-PM,ACCEPTED,,,e5b723be49a41c98002fd9a38b150642e4e4c7e6feeb4594855805f48a42cffd
179,20251009-S-AM,ACCEPTED,,,2622e566cead3b6c7f7868b6316df03219e609ecddf26137e85cf7a9238da2dd
180,20250721-S-AM,ACCEPTED,,,2044cfa6bddb06ed68e3898248cf64b48b29993d61705c8ca3bef0d31e702b24
181,20250925-S-PM,ACCEPTED,,,5159e6d89dae34d153fe7ff1f996c9e739fac2322d0477ae2719a37684ef5bd8
182,20251212-S-PM,ACCEPTED,,,188801bbe294bbb7b07c9f8d7bd666535d41e3cd935379f9055355e31eb9d93f
183,20251105-N-AM,ACCEPTED,,,1ec3cd898f8de168ede86b723ca80481aa436f303a3be834aa0afd3c9d133b8e
184,20251204-S-PM,ACCEPTED,,,0d63b9f3227137b878e1cae7a03b1102f120f2cec60049a6ad42c33cded4c3ab
185,20250814-S-AM,ACCEPTED,,,5d01a140472e696994d0ed8a76cd887ad552fa1d63ea2782fb96bab3e78a6de2
186,20251201-S-AM,ACCEPTED,,,f5f51c51a0a977ff477dcbf693b9ec10c3125aa8156d0108d0999c283b20aa60
187,20250715-N-AM,ACCEPTED,,,33b4aaee78344bfc7e2161ed3e927b4c03e661fcad5f8137a7002859f3ba74f3
188,20251021-S-PM,ACCEPTED,,,8672b945e8be6f61742526179c071fe19b44e0485b9e2c017ca4f731e8594c09
189,20251016-N-PM,ACCEPTED,,,cc5b2a9aa5fccb56ac45c860ada1e97ffa75e4a783e52545e08d8adbe332e696
190,20251015-N-AM,DUPLICATE_EXACT,,20,3495a4ecbdc63788c288177b0e0fbb52d334d6a439ece31f803328b52f377ea3
191,20250730-N-AM,ACCEPTED,,,e68b42304a6a30b924dd034f6cbf484e9695bd83c0a32f688d4c3108159188d4
192,20250811-N-PM,QUARANTINED,INVALID_DATE,,e4fde7867c83c1d8f9bafa769fa1089f4e31d7956efacc8aa078873b14fc8cd4
193,20250811-N-AM,QUARANTINED,MISSING_VALUE,,7b1df2e0f6dc30cb249feef52af5fcd61c373f7854bae32ac3075ca855c4d2f4
194,20251225-N-PM,ACCEPTED,,,6375e23e975440cfcf02dd6b09e2ae35b430f16d796ea7c1140d2f3df57e2740
195,20250715-N-PM,ACCEPTED,,,9e62c3888d07cd4f4929830f167a92b5222b11c3b45f99c2fd04c285ac2b4524
196,20250710-N-PM,ACCEPTED,,,6d117494be3eed2b10bb8446fe5c02141331ac71b166ab6fd165cfa0eaae8086
197,20250813-S-PM,ACCEPTED,,,742116b98fe241f80674c6a3b3e95cd262f5a868e819933b22f6292a0ec533a3
198,20250812-S-PM,QUARANTINED,SUBSET_BOUNDS,,482ee428ca16c5acb4ec45ac533fa937c713a9da4e994d18857608c43676d574
199,20250922-N-PM,ACCEPTED,,,be9de8ddc095f96bee92f163447488808f9001f87580a7cdd87e6a9d97a65677
200,20251225-S-PM,ACCEPTED,,,e26b33aba801841ddfa0e4711675237e4bd54f906d14db1d5681444e5a439d41
201,20251226-S-AM,ACCEPTED,,,345aea5930bb2156f3fcf120bcac5daf5c0f175ab1b8adb745f142f2196d506e
202,20251015-N-PM,ACCEPTED,,,d6f89cfc930c1fec07362c2e74f1d5a3d3eb124f41e0f931fbc5bc23e50189f0
203,20251015-S-AM,DUPLICATE_EXACT,,176,ed36b5492bb346bfd9226d4b7867ef8a00abb09b3d1da3f149db581caee56079
204,20251024-S-PM,ACCEPTED,,,da5b4b1f3e4bb7608c98f94fe951f22154cfd1cf3f7387df75bc84c2904e1f08
205,20250728-S-AM,ACCEPTED,,,61d1d5dd2684fa7ec2b3c8dfb9621d3c93e8c4a99856ba2656b84dcc1fe236e9
206,20250702-N-AM,ACCEPTED,,,1aa6043583d2ff991dc25eabcebf42a6ae3fe327132209ba484136047f29bb9a
207,20250718-N-PM,ACCEPTED,,,217840ccab2efbb9965fa3ef6f26a9806b7884890d0af2f99f0d7d9ab4df6c5f
208,20250714-S-PM,ACCEPTED,,,7ad629fdb67fce94655a7e0e3f895cb241a7c7310ac019b55e5c263704469fe2
209,20251203-S-PM,ACCEPTED,,,24f526bf044326bfa0b517c05d78e649796a3f2ffd271bb66a3530d4b73817a6
210,20250909-N-PM,QUARANTINED,DUPLICATE_CONFLICT,,ddf85e6d34e9d511963db0eb4e9f75fd5a67ea4bca54a1b4aad6033f043ada7d
211,20251210-S-PM,ACCEPTED,,,d9694e09036b33d6da50d0345763e5bae1add85dab10db04b3d681c79d599fd8
212,20250716-N-AM,ACCEPTED,,,ac15357d22118f6a222b732dd0d5cd29bb8150ca249bfe17b576d802b9aa49cb
213,20251219-S-PM,ACCEPTED,,,313792617c4bd878033fa492bd335a231b6541e0be21516e0a9844c46220ec63
214,20250804-S-PM,ACCEPTED,,,5dd3320a953f029c2c41cf6a8b4ecc5917f8645d2ed5ccfaf84fb44fa9538d13
215,20251110-S-PM,ACCEPTED,,,15593afb3943680aa76ae3700dede2767482075a229b73c967c2eddb522ceb82
216,20251204-N-PM,ACCEPTED,,,ba251f7a40cda7894a3266d5f8169223540f9a3f815529444615694cac2edb7c
217,20251120-S-AM,ACCEPTED,,,8c277f608df447c6bd13e2e5b7218ff456b6901c36fcf291ce94ab3e905c40fd
218,20251117-N-AM,ACCEPTED,,,74b483fd6d00866be3966ed5832d38b53073427994f800e75aecb99374d9d42b
219,20251016-S-AM,ACCEPTED,,,6efcafee193b40a2a9c468c09c58f5ddc9c270eeb1aa2b87c5f7baa74e529eaa
220,20250725-N-PM,ACCEPTED,,,51d7d452f62e4cc353816b7af08e02d0315a1a2c09597070744de870f3e7de10
221,20250828-S-PM,ACCEPTED,,,94f3f536bea9736d135ea566609b433a3a844fe3ca4bfb36b33b29a928ac2240
222,20251020-S-PM,ACCEPTED,,,1ad958b8439dd732826d446f7caea6c016a81fe800e8b7a578c26c5e2f9e3e57
223,20251128-S-AM,ACCEPTED,,,4ce84c067b47ad0792b08d053480968a85e79f3b7566052817aeede1f5c95bd5
224,20251105-S-AM,ACCEPTED,,,c6b358b4f7df508905e28ae125910547c1c7de3e133e5dcb12eb0b7308cf970b
225,20251031-S-AM,DUPLICATE_NORMALIZED,,11,6e0eedeecc4453c627db08fe59516c84d9629c9ff1f9873631cccef1d454b198
226,20250725-N-AM,ACCEPTED,,,57736e105ecb8c3f78552b8fc551c4f1f1f83f9e0d7382890058853dbbad7f6f
227,20250714-N-AM,ACCEPTED,,,8f266b8511d91e566731f038c741a990550a26bc67ca98bf22931adb89946f11
228,20251021-N-AM,ACCEPTED,,,aa3b2af9f0d1436720ae040a2f509cd59280012fc81de0a62cb241825bf3a1a2
229,20250731-S-AM,ACCEPTED,,,bcbcbe0f4df4e55a3a50b12e62df9de285e32232303ab430e93c23e95f4d51f6
230,20251007-N-PM,ACCEPTED,,,344f15a64e423be7d194cc3fde36bf051ea92f36506c0372320c6df60bf5acfc
231,20250904-S-PM,ACCEPTED,,,e4481138946a21f6b5fed2d9cd7af713fd0fd2926d5c52ac8dee68fa0ba79d66
232,20250911-S-AM,ACCEPTED,,,8aed4c744404d77d3493de50febcca6a5e53302e4cba87be2880a825e967c0d2
233,20250813-N-AM,ACCEPTED,,,63516c4d672582adbb683948a069826eff6b3aa154825b4824d6998c050525f3
234,20251027-N-AM,ACCEPTED,,,37bc0dde43abaa79218fb7de8c5089e20edf4d99bd80d8e200c29a08ce40234c
235,20250901-S-PM,ACCEPTED,,,2326cd69bfc3bb72058d1560f103e5225394e6097bab52ed3afa51440d68634c
236,20251218-S-PM,ACCEPTED,,,39b40f5fc931f418632ec6a76a68eb5402642359e69045c15a333294efa8c39f
237,20250825-N-AM,ACCEPTED,,,00b5c1e31fd1baa5da78f9a0a1e58f7834473ba2ac4acc3c4e988fd670cf1258
238,20250911-S-PM,ACCEPTED,,,0e59880407e6e37a40c26940e92dce8f4fa25139c72bc67b559f023f65952ab2
239,20250709-S-AM,ACCEPTED,,,a6e5322a7dcdef69fc429e39da7590b3cee03d5145325f6545a565ca3d991772
240,20250704-N-AM,ACCEPTED,,,1e3309c4689b08f93cfb9b4746e0ee97047e7d11a4bc98bef41ab0dece17f1d2
241,20251022-N-PM,ACCEPTED,,,7f0f4ff7a1c8b2396b31b3169832c28cb40ba3839fc6a1d3c730fe2f4ae3725a
242,20250926-N-PM,ACCEPTED,,,6b3c42d8c396ffe939aa7692cb8129771925897f4ced61a5102e481750146427
243,20250716-S-AM,ACCEPTED,,,e5df63174ad813ea4a98019293722ceaaca3253e6ccfcaba1996ac0961e7b384
244,20250711-S-AM,ACCEPTED,,,99377c6b313730e2b0ed3e44227cb7bc749b4546b25a21f24ece699f1e763c28
245,20251223-S-AM,ACCEPTED,,,4f18592eef74cf71251a2c831c1d7e62d153655e5283e034a352243ff24fde0e
246,20251023-N-AM,ACCEPTED,,,6167d066b21060949a1524f6ade2e3b770026889e7af9463e902605efc7c4ad9
247,20251028-N-PM,ACCEPTED,,,8d7fdbfdc159bf52545929570cba152bd98f038dca4fc5a2a259284dd8d2e182
248,20250925-N-AM,ACCEPTED,,,ab2b67e6ef2ad5fc7efff317b21417783092511b43bf166a3f4f5b107582fbac
249,20251003-N-AM,ACCEPTED,,,14f203e32879d252d98dfca47af84a61b0a321beaf2ce4d9b9c646adb1834ebd
250,20251016-S-AM,DUPLICATE_EXACT,,219,6efcafee193b40a2a9c468c09c58f5ddc9c270eeb1aa2b87c5f7baa74e529eaa
251,20251229-N-PM,ACCEPTED,,,aa6931ffe1f906c51790131ba6c0d1f14b0955a179b5846ffb508e8265154d7d
252,20250902-N-PM,ACCEPTED,,,f814ded02c2c480cb00e4241de5746ccf8000cc0864d1b3d73cde6d718f2349b
253,20250924-N-AM,ACCEPTED,,,ecbedd50d0d8815809c9ad0de9a577f68d431572eb5c031a5ca51e525bae6bbe
254,20250708-S-PM,ACCEPTED,,,2e0be0f8ec7453cc94955039c011a733ba3186eb028d61da8acabd74447016d8
255,20250702-N-PM,ACCEPTED,,,9bda2810a7c7e2cb8330126eebc2228e4fa9aaa499a96c31585f98c4063a8923
256,20251215-S-PM,ACCEPTED,,,2452ab73b3ce2ec789dce59e1500e2d0879954034f3d5bc1795bacf424f7def8
257,20250903-N-AM,ACCEPTED,,,c37152e59b03f175e083e51a9a46a403f1ce8bb3c4d8ab46c0a2d5c58d661ccf
258,20250729-N-AM,ACCEPTED,,,8af359ec1e1846e56d2ce33ee583f2aed92fca11d394338ead32f0d7c9fe9f69
259,20250815-N-PM,ACCEPTED,,,ec2c344280e764b7cf30586bee526e65d40d05041b4cd3c85acc39ab77d0e766
260,20250703-S-PM,ACCEPTED,,,d973d0c663f2759efc29bc5e43abd7f985222d141276b7d22637366f52475d2b
261,20251125-S-PM,ACCEPTED,,,e66fa5f42eb7873e395337ffca05c218ab142677348be907a97b0e44f929d3a5
262,20251015-S-PM,ACCEPTED,,,6e961139030b17cf1838ffa2580ae908c73c1086961d1a79ea413f5a9f96cda0
263,20251114-N-PM,ACCEPTED,,,17275e545d1bbe19548a156bcdbb87efca1f5c22420a763484f7710a56ffef7a
264,20251001-S-PM,ACCEPTED,,,d0300ceb7972b30133407ec41ed82e1613f5d17c22672d92a9ea2b989ce0e6e1
265,20251202-N-AM,ACCEPTED,,,90f29a4fd3081f95298f83df00995c9129e87d7bb3f14ec33df13c524e11b62c
266,20250917-S-PM,ACCEPTED,,,7a2f9ded27cc47036f0ff1c57afa1034511e5f41fdff988746efb9d7d2c08b07
267,20250805-S-AM,QUARANTINED,NEGATIVE_VALUE;ORDER_RECONCILIATION,,6403effa378beda2953d43d5e56f88d1e77a496aeb9460b076ca8282fb12f971
268,20250901-N-PM,ACCEPTED,,,0f5c07c47932ca35f427b6a03129317676699b36be96e5d9ea7081fc89eb6f52
269,20251006-S-AM,ACCEPTED,,,3877298479233707b2a78578213a40bd5008cf7f5190d8b7457895119178f76e
270,20251222-N-PM,ACCEPTED,,,6b0d4a9a8befa1afb1f71fc2db8928fd1c99d9bd762b49d7e817cac45293a1ce
271,20251201-S-PM,ACCEPTED,,,85caf42dc69d136b16eeb27f046471914b419284a15473c9d4f9461031b73c2a
272,20250918-S-AM,ACCEPTED,,,f3a9fea24b5c2c338d24ba3564c1ee796bbf684f75a7608b50c62a7f3caeaf5b
273,20250715-S-PM,ACCEPTED,,,4929b4e5cc552cb890c97c08fecebe51795761910ea4e69615a962185633eec9
274,20251028-N-AM,ACCEPTED,,,e6b76988028432ad2eba62f880b210083d579edaf9b8b8749785c1f52b38ba18
275,20250911-N-AM,ACCEPTED,,,9680a1290015fdc7d1a67b11784a9845c64c1c96aafa05490e67a0c6118c4901
276,20250929-N-AM,ACCEPTED,,,d2c5ceb4b70c2d3534f92e4124dfddfb1d87d6db42242d8a8d82824f2adb8f3f
277,20250923-S-AM,ACCEPTED,,,37d69486841583465335f65fec59b4450b8f021073c7045abfad385a4c31e030
278,20250915-S-AM,ACCEPTED,,,d6367aef8cfaf9900b5f223b06d1d355c530d0ecfe301a9c70b0639fe9b735ab
279,20251001-S-AM,ACCEPTED,,,903f5dd4a6ce1484df1c9fad60954ec4a90cd0902184c6cd589923699fb78cc7
280,20250808-S-AM,QUARANTINED,INVALID_NUMBER,,a87091787b535f169bc619bcd80eb30206e8f2f3834e1812e362fd7cfc1f0979
281,20251002-N-AM,ACCEPTED,,,6490dfdc6e01d4286a2309365a9fb619a65a9c6c0db6b8fc732841946d46c9ce
282,20250827-S-AM,ACCEPTED,,,10e3dad2e3248f341d7fd53cbe89cf0b49d3d7dcdfd83d93933d843b1606c537
283,20251118-S-PM,ACCEPTED,,,65b5f8f609cc28d0408e87d26436ba789df8c47611e7a69abb3b773fc2f57612
284,20251013-N-PM,ACCEPTED,,,a9049bd23bbc4f0cbed800a2ec6f6fc39ad251b1ee323ee6635c4c919f53da5f
285,20251015-S-PM,DUPLICATE_EXACT,,262,6e961139030b17cf1838ffa2580ae908c73c1086961d1a79ea413f5a9f96cda0
286,20251023-S-AM,ACCEPTED,,,273a13896e94b1ec1094b6406be39bd8719f22e7a918c9126a450b362bcba37c
287,20251016-S-PM,DUPLICATE_EXACT,,5,a7218c1978b0e124f1469401953aba93170c7e8324c5e38df54f31ac886c3aca
288,20251114-S-AM,ACCEPTED,,,8b2ae45127d1ae08c9bd6b2eb5440f13771b03a2a0430e28ed0aeb0b0a330ee7
289,20251117-N-PM,ACCEPTED,,,adb295af7bf641eccb5cef6957c01cfe6be5c78097600f4a72259618e720a9a0
290,20250909-N-AM,QUARANTINED,DUPLICATE_CONFLICT,,79f88a2a68c39528394cf1b40c4ced75875122184b92fecdf6988fb49dc87f5e
291,20250829-N-AM,ACCEPTED,,,95c5ddfe783b0e06a7640d9e9b7f123e0ed92847425f8c3fd957a48aef9f5e07
292,20251113-N-PM,ACCEPTED,,,1efe341a7a0c28e47f4a3681faffb886e0fbb32bcc0df2ab37cd4b4b3b2d119f
293,20250930-S-AM,ACCEPTED,,,b93b35756f66a3e459f23e73128e8fe96c9ac5fc7e752d3f1f9249a43fee329c
294,20251208-N-PM,ACCEPTED,,,49478d9a5dbd78c370fab7d75df48a97ed3ebcd13efc0a337f7246357e7c6f97
295,20250812-N-PM,QUARANTINED,NONINTEGER_COUNT,,9465c6def25b020232f646328b78798d47543b74fc1b02b89707c40b4d0b682f
296,20250825-N-PM,ACCEPTED,,,bb8ba13d676e532aeaa9ea5bb3190f3d58293a70e319121752b5ae7c49a59220
297,20251006-S-PM,ACCEPTED,,,64419ca2ec85b7510d6dd122c1935a5c2ad5ac254ff07c1f4be58485e620f862
298,20250826-N-AM,ACCEPTED,,,0b8a8290dca080a6fde05baeee13d4f1e0b186866872c348f7c9be2391b66357
299,20251111-S-AM,ACCEPTED,,,41cf1c7910d5a367df0d0598219751376c0542944bc78c403c8310290714faf6
300,20250812-N-AM,QUARANTINED,UNKNOWN_CATEGORY,,09097f4272916bb5937707f8be6dc5b847dd00e17382d18e77de36581b204b60
301,20251211-S-AM,ACCEPTED,,,330a8bfe8fcabb91d70aa3a0bd9cae397ca3bd8641ee9461667fd8a5f1f523e9
302,20250915-N-AM,ACCEPTED,,,f8245cb00815234511053d4e42fdce9e8d2616774316a7b2cccbdd929255fa0f
303,20251224-S-AM,ACCEPTED,,,906bbc791276a03ea00d6c65c68d1c247d67bc82590ca81690be5b4a404b566d
304,20250903-N-PM,ACCEPTED,,,4e8841a394ed7f74f3799cbc61123d2f8f6594a9700371083dffb1516d20e948
305,20250724-N-PM,ACCEPTED,,,20126892a97b671bb1a7777fde8e1a15814cb279ac9c4fbe1b35fa49b442ba64
306,20251024-S-AM,ACCEPTED,,,2d4a40da60cb680cfbb4ccecba052be13818ec5993332f0cf4adf9e5e4fdd4ae
307,20251230-N-PM,ACCEPTED,,,ab226f168202563464eb4ce4f5a7bac96431fbedb71a72c92f14430ca4f449c3
308,20251229-N-AM,ACCEPTED,,,12a909ed29324094fc6b91ef00f0fc82d5ee3b96dd12252c2fec0c8271819b94
309,20251127-N-AM,ACCEPTED,,,64b24bf6a2ccc96f4e38573e5bfcd7e7bcee6a82f01c3fc8af46d62a6ad81037
310,20250723-N-AM,ACCEPTED,,,5794e0495d7b83a88486dd35fa46b0c31904ec5acfd8298dff7b1d092219615b
311,20250909-N-PM,QUARANTINED,DUPLICATE_CONFLICT,,a32437ff54fa27d95a7ee255fdab8f3b5bbc72da91b997844259d2b7abf0b6c4
312,20251217-S-AM,ACCEPTED,,,79855a8f5d7369825676feea3c6d385d7e620f88e319cc4007f84e1572210294
313,20250701-N-AM,ACCEPTED,,,7e0e577c1a9658e9aaf205c19c7993b07399c1ff746ef5a9348b2e61bcca4918
314,20250806-S-AM,QUARANTINED,INVALID_NUMBER,,dd4cb857f0e315368174f3304968318d35ae66fe6fbbd1366219f03703e0b1a6
315,20251124-N-PM,ACCEPTED,,,46d1a2e763e2900cd54beb919d24a392e81f8df0a858e577b18f16d98b85e74c
316,20250805-N-AM,QUARANTINED,MISSING_VALUE,,7fe06dabd54b27b21c4046a865416e2f95f08735ad337f6b908263c83533e1e7
317,20251128-S-PM,ACCEPTED,,,876f3d73f3094adbeb7c7231e9b84f4ded3d9020eecd139d999ca66d5e6db08d
318,20251202-N-PM,ACCEPTED,,,3054dd38a75664197f6d925c9182cb93af4acec4ed8e06c09e03d7195665e39b
319,20251014-N-AM,ACCEPTED,,,c6ee9fb09ae20469059ff6cd681a0e0b01c89bf9fff781a95483a7e4e049bfdc
320,20251031-S-PM,DUPLICATE_NORMALIZED,,15,d8328403a12842b1269029b89146e5c6dbb513c72e1c5e6d39dd99f83612d474
321,20250909-S-PM,QUARANTINED,DUPLICATE_CONFLICT,,6071d7f46cfd11fff7115e2043ffb3e6fb126c1f766a598c56998b4cffc5c2ce
322,20251027-S-PM,ACCEPTED,,,4bfcaa7f3c51c10cd21f98c1bc2125ad20007d1cf59ce876c7f306598c67bc42
323,20250915-N-PM,ACCEPTED,,,78b1545b77b86051d7b4a03905bfbfecc5129465fe8b4ceae9e3b9d9f30d1502
324,20250910-N-AM,QUARANTINED,DUPLICATE_CONFLICT,,4d7f67bc6b182f0576c41a3bee27da9bca5eabd7cb36973903ada46c304b0ba8
325,20251203-N-PM,ACCEPTED,,,50118c4fbe850dd64e3a283dcfcbab79ec3dd1d9d2570203a6868060ba3620ed
326,20250912-S-AM,ACCEPTED,,,b022d7ae41b5b1f44ca29aa8d5f9bc6460e8eb6e296d1bc179889e17fbdfcd8d
327,20250828-S-AM,ACCEPTED,,,4054e6746257b1396270ba1df75999f4c2548edd371299595a03fd615c2372ff
328,20250918-N-PM,ACCEPTED,,,e0fc80b92fc3ecd2ab9be277af2a0093281b4949b372b8f20606aff51fbf938f
329,20251014-N-PM,DUPLICATE_EXACT,,95,4d1d67a4d6e22d54ee4758d10b4f8ea2ac8cacb5ecb2d64518cc78501817d9d7
330,20250805-N-PM,QUARANTINED,INVALID_DATE,,79e84ecffdddaf08ad39e7d7b7508fece2d1433bba369b89b5b5d9e483123f58
331,20251023-S-PM,ACCEPTED,,,2f06c8a22f063ed91074d580b68e268aa970cb7dfa6e741750baf1e0bf8a804d
332,20250820-N-PM,ACCEPTED,,,291eb95e3a4127f3b916aabd518b0c84b4cd80144f71c0749cd06a37d15c283e
333,20250923-N-PM,ACCEPTED,,,58b832dda173c34eff7437d296b122a3ecb8eb60c5316c1f741fac5060024c02
334,20251024-N-PM,ACCEPTED,,,85714b5120186e9d5f166dcfc0a5feba656f105a36fa3871e4ff22dd2b62921a
335,20251202-S-PM,ACCEPTED,,,2ac8f6c5f465880c403ef4ad0c5b66806ab483d3eda0059c68b0af9f7dcbd9eb
336,20251003-S-PM,ACCEPTED,,,9aec1cb5fcd7bcafbec9b77273f90fe36829cd76394c92e71892ed6e740aabfb
337,20250703-S-AM,ACCEPTED,,,2a787829038f6ab941b50cc8992e109388e69465cc2d21076c368ea7766e4fae
338,20250718-N-AM,ACCEPTED,,,903cc6d6d1ec5f9b0a79477dc72d8dcb72aad40db40c4cd68d1c6ee444db12e6
339,20250825-S-PM,ACCEPTED,,,4e6c52c48bb3ab648c76082810d5790a17be72a1bc64d204fc0a58c2b91515f9
340,20251230-S-PM,ACCEPTED,,,02587e31dd269f8081ea5f810feb456004935cc6e713b89545d1277c307abab6
341,20250801-S-AM,ACCEPTED,,,d6f0c3a4ce98a6abf7c9c5efa0f4128c02e62349d568f6092272483376b0c538
342,20251010-N-PM,ACCEPTED,,,4b665e852b51fd5a498b57d33aea82649fe9ef68b8fb2c3acbbe827e1c9aa251
343,20250722-N-AM,ACCEPTED,,,0ad5366ca8319b9a9fe767cdeeaff3718f9c8ffb6bbffd06aa99c9a178bdd482
344,20251016-N-AM,ACCEPTED,,,77af08d4c4896ba15006dd071e881dd87a0653298105d792de9747959f2fc545
345,20251007-S-AM,ACCEPTED,,,120129c5f64dc55d407f97a7fe8ac4942c200623ee575bde9fc72311740fb01a
346,20251128-N-AM,ACCEPTED,,,292042c4ff2df33c0b4218f5dce3bc4439407300bb8105aeb6e0f107f74332d2
347,20251111-S-PM,ACCEPTED,,,3a3d6390a71bf740c97fc2035a9abb7240888b5356818ff619cde35f59110fe0
348,20250919-S-AM,ACCEPTED,,,6b038cf1d34ca8722e9e764a0620ee42bb404fad1956679502ab38ac058477eb
349,20250806-N-PM,QUARANTINED,NONINTEGER_COUNT,,088fb05986529c655aea8e8b83861914c3feb960ce91ee24fd8de89dd32bcf8b
350,20251119-N-AM,ACCEPTED,,,2025f21c73cbe67dda3a5d9e6c275b0fe5249367294a4cd2c8d9a250e9d8fc80
351,20250722-N-PM,ACCEPTED,,,97011b71b2022edcd3c0ccd8e5a1013d7b69507b539bb781910b21a0cad5f2b8
352,20251209-N-AM,ACCEPTED,,,aa03055a7136788dc318e4721aac0ffad6d0cf21e979a9c83cee1cc6f4b68635
353,20251030-S-AM,DUPLICATE_NORMALIZED,,392,d8aec46536c847ad22b28f7b2392dd9812a797d8bc9eb8f129da3c59f0fde1a8
354,20250717-N-PM,ACCEPTED,,,40cc55e7811e0b7c4e32285778a3e3dd7f5b0836221f59abd5029c6f691d2a5e
355,20250903-S-AM,ACCEPTED,,,eebabd9793f833509aa834442332ff878ee12ca4d1270b139859489e1934e689
356,20251112-N-PM,ACCEPTED,,,52eb420adc6eb2e14d3f302d8baea326ce07940db3d76c93b77505476b060cea
357,20251029-S-AM,ACCEPTED,,,10ae709719b130606a6420ad65d11c2308c6aeeed2d3062ee6199174070367ab
358,20250708-N-AM,ACCEPTED,,,36a2823b7da7c0cccbdb3af2dd39ae6abd0b1ae4481153f27b3b4789609e1c32
359,20250731-N-AM,ACCEPTED,,,6041c5b1e2170d39df54f0d8d23c8e4201bff28c32b6dc19723d3e0dea9140d1
360,20251218-S-AM,ACCEPTED,,,7d5f2b5a647ec2ad184fbd2834f92246e5f76f81f4af9d87b744956f461fc016
361,20250922-N-AM,ACCEPTED,,,1ffe727f88461fed72fd67e63dde4bdc0a605aa4b66eb28c5a7d1e2eb4483332
362,20251205-N-PM,ACCEPTED,,,a8548722a6c990accda287e003d4c62b790f6863f6799ab089ebbeda2de39b90
363,20251009-N-AM,ACCEPTED,,,bbdb09bda96eb36bc6c1caff224906f3b18fefe760e9c6ada33bf334b44d37c7
364,20251016-N-PM,DUPLICATE_EXACT,,189,cc5b2a9aa5fccb56ac45c860ada1e97ffa75e4a783e52545e08d8adbe332e696
365,20251230-S-AM,ACCEPTED,,,34a8112ce0b22e184af4a8e68e8f36f35489db53e7da3ebe3844801d4a2ab723
366,20250908-S-AM,ACCEPTED,,,54977ff27103d23c779d93fe18db385c173aeb3c61df40ceca42481be0bfeb13
367,20250912-N-PM,ACCEPTED,,,8f45a713924b1cb069a874217291549c918502581fecebd99a2407a36d5a9101
368,20251107-N-AM,ACCEPTED,,,6e66f36f486541d328da9f85d0c7cd548bb418a3c35d2ed7251c263819318025
369,20250821-S-AM,ACCEPTED,,,7f75cf5c0a7938d0cd047d412c8a00aa3d07039e80df6fd99081940bc3745b71
370,20251003-N-PM,ACCEPTED,,,db9492fd881548a14ebaed8a291f60e6a77cc6e9b966dc15bec538f3552ff11c
371,20250930-N-PM,ACCEPTED,,,39f96f008b668de23eaf47bfdeb45a6197b612f59dd54897832b9e9cfa3a40e0
372,20250728-S-PM,ACCEPTED,,,9f9d759fe5da7f00999f38d5447e30313a0fd3acf2ec5082a0f8ddc0c641848c
373,20250908-N-AM,ACCEPTED,,,8e6d46aca12e44e1e40ca49e86095827b9f3fe452db79c5ce9849856ec7c832a
374,20250821-N-AM,ACCEPTED,,,8a2e6f5fc445acb46aeb78aa585ff7ee9a102de8ff320c4b4b25782bb0fb2a51
375,20250829-S-PM,ACCEPTED,,,90c024360404fe53f26c5b7767f447730a201767b553c9b49ffff66a0f1b3a69
376,20251125-N-PM,ACCEPTED,,,39b836b677b09892645ffd49599462650770ab35e6e76c99916ebc8f6b42e506
377,20251226-N-PM,ACCEPTED,,,68e0089c64d22de27b8ebcc51cd56153d469110fee61026804a73e8eb6769905
378,20250724-S-PM,ACCEPTED,,,932031a92682ea33775532ef90bb4926bbf8e4ccb546c8835a2d6fd437b51c61
379,20250724-S-AM,ACCEPTED,,,493a367f1e818c9f972483fe0ca9d9d6c5fdf2193a7bf7b54a046154466b884f
380,20250721-N-AM,ACCEPTED,,,df0aa4f7e0fbd9da68ab0aec34d4e2509f896ca8bd9342ddb86b328128ce564c
381,20251210-N-PM,ACCEPTED,,,ea4368f12a6989408240ab28ac3b77c9aad200867e418a41d455b96d2718573b
382,20250926-S-PM,ACCEPTED,,,9141b01d114bf8e50339e14c50fee3f4bd4f98318ee425ce0874c8d7277cdf9f
383,20251202-S-AM,ACCEPTED,,,61e551d4095bace2f977122dcda3a2a4b04221f8c84cbe94fab6fcd3993c734f
384,20250730-N-PM,ACCEPTED,,,9af30b72b149f34a6becbc446db6263034d769ce548d9a5de1c89870698c978a
385,20251119-S-PM,ACCEPTED,,,20fae1761c94de3db3549a56eb1d5cf25e7e64a132667030ca07e44b72bf1979
386,20251015-N-PM,DUPLICATE_EXACT,,202,d6f89cfc930c1fec07362c2e74f1d5a3d3eb124f41e0f931fbc5bc23e50189f0
387,20251224-N-AM,ACCEPTED,,,0368b0d8e463dfaec1d71f054e7477ac1b397e8f0a3a9d31c8ef7594d622715f
388,20251112-S-PM,ACCEPTED,,,daccd68f27265a36038895b6b52925016bcaa4670b2a9f7eef61ccac7d1de395
389,20250919-S-PM,ACCEPTED,,,5b55e323aada94b2b03f24fb299e251830c6f7b73974ea6138d7a15e78906142
390,20250916-S-PM,ACCEPTED,,,c1512cd15cd88bafbd164d2eca30b6df6bec8d6f76e25fe9c5567123c1ff2878
391,20250903-S-PM,ACCEPTED,,,2160a65b4a075d6bbee53c52e535a68faa313303110d9099167482effd1a3dc9
392,20251030-S-AM,ACCEPTED,,,0416c33d66198ff85878fe0657e32dc8db49decc284b160043ab386cc38b0e50
393,20250821-N-PM,ACCEPTED,,,4fc46523a3c744eaf9cd81831b8d9ac47d25c11a49acd6eeff5639d048773c06
394,20250813-N-PM,ACCEPTED,,,2ce07285646562f1130aec155b2b09f4377493638ee731fd226840785f563bb1
395,20251208-N-AM,ACCEPTED,,,a5cc0ca647dd95010a3c12e299c5ce15ee2a70fa6f80405e8ebbf1a0822301db
396,20250905-N-AM,ACCEPTED,,,97258133400a4ec0a81c39f105777bc72a2ff025878c05060fb447d08afe0bc1
397,20250811-S-AM,QUARANTINED,NEGATIVE_VALUE;ORDER_RECONCILIATION,,0f526cbd905e0bbf6082fde13fe519f0cb26c54538d74b4d490fb569a61acee7
398,20250801-N-PM,ACCEPTED,,,feae0e5aa3acbffd084238b0c48df1c929f72948c9f711a06e5016419ea50b83
399,20250910-N-PM,QUARANTINED,DUPLICATE_CONFLICT,,cfe1594cbfd5e8c13f31884b2187b20a72d34ec018947ecbbf4a267cbd9ca933
400,20251210-N-AM,ACCEPTED,,,8c749b0bdf09527abf87f77b15250b2e392430a28be1dfc390d70686472b190d
401,20250922-S-AM,ACCEPTED,,,d530422db001b2e660404087a7cb71e81d86c8681bb2aa18e327e507072b4d0f
402,20250819-N-PM,ACCEPTED,,,63d84ba79fde7bb6df9b154b8917c39d439a685204335ec90f6164fec4360f8c
403,20250728-N-PM,ACCEPTED,,,c92880ffcb0901bb221b1c456cba5ebd21a7c7b9a8f2a6eee29130d7279a4c1f
404,20250822-N-AM,ACCEPTED,,,8ff1ea4433c85fefa9f6f24202ed2e9a1458ec669906701aa9a5aaa070cd160c
405,20251215-S-AM,ACCEPTED,,,4b28d0c5c18d76113997a598d244ff8fe25aeb504b8da63d6f6431b4eb9b7aae
406,20250910-S-AM,ACCEPTED,,,7a15d2e0aa7ae40964e4d1cd67d2efb7d08fd053083fa1d9a791ea0983a2fd9c
407,20250822-N-PM,ACCEPTED,,,196cd706925a0e81d972ff143aa46e12d1b2ce4274bcb6b434d0b1e948a0b1f9
408,20251023-N-PM,ACCEPTED,,,00065724eaba59b6568a0d0e9359f3eb9c2ced58c9bd5bf677b5100b5ca783c4
409,20250926-S-AM,ACCEPTED,,,991ac8de3e3e36a375e1647cc4e66ffd06f747f061ba103d3fb1345026c0d715
410,20250826-S-AM,ACCEPTED,,,8ac6656db30bbec3b92282f85469005c3922beb789a73a9d6989da7a6da7bde9
411,20251017-N-PM,ACCEPTED,,,9feec0ec42f473601b4222cd37a2e5bacaf0ed60e1504143398924c04afdacbb
412,20251106-N-PM,ACCEPTED,,,28539feb114187268a6f4a6f28e427abedc218241810c35f112112f31ad11d30
413,20250728-N-AM,ACCEPTED,,,cfa050aeef7098176a081880870acdf048b1692a78f4059edd0183e014c42fc2
414,20251208-S-AM,ACCEPTED,,,8f2d6d4e60da7e7fe568f496c93d8d18cffc0e8a48c07d9d2fa720a1aa589b68
415,20250821-S-PM,ACCEPTED,,,c1d827a97f692d0b284ecd58caf181dda2a253007c615f9b298d9f952e16ff0b
416,20251128-N-PM,ACCEPTED,,,b346547d25d4ef4ad1a7a90d9a1f87d7e3e9a2aa67438d95188078e7bae2e3c2
417,20251014-N-AM,DUPLICATE_EXACT,,319,c6ee9fb09ae20469059ff6cd681a0e0b01c89bf9fff781a95483a7e4e049bfdc
418,20251009-S-PM,ACCEPTED,,,cf8f11f064baa902ce3fd46b558815c33a150982394cc3ff564a79f24c8ec6be
419,20250725-S-PM,ACCEPTED,,,62262bdc53a269baccc20b1e45267613fcfec66d0d9ba571a9d77cd1412ab652
420,20251222-N-AM,ACCEPTED,,,cc96be7345521c152868db839ecd4fde5312ee79ab5e0334dc7bde2a44c5054b
421,20251030-S-PM,ACCEPTED,,,0d7e0ac3f26653d6314d789689e6cb48a12bdf1737a42a67be2acb59a31f66b6
422,20251008-N-PM,ACCEPTED,,,c675751d04858aa09d06a2fd1af1b73174fc3e1d13e44d2f8cd86c663633ebfe
423,20251016-N-AM,DUPLICATE_EXACT,,344,77af08d4c4896ba15006dd071e881dd87a0653298105d792de9747959f2fc545
424,20250723-S-PM,ACCEPTED,,,67e147735126f9cf9f0c3ed0649b9a383b2cb96287cae8898730fb6e9ef4d574
425,20250904-S-AM,ACCEPTED,,,c43c4ef13e4f8cb621a6cb721e54a308663b358f25f80653d23c8a3f381cf4a2
426,20251124-S-AM,ACCEPTED,,,b71629fc98d031533277a8de881df83b9246da801330b8a802795ba96ad3ae6b
427,20251216-S-AM,ACCEPTED,,,88086acf293d0774bf02eed8f885ac310f0a2f7c6ee36e0d446dd3bba954161c
428,20251027-N-PM,ACCEPTED,,,3455aed494c98391a050f21101b6a73185317cf02b06dbc47e084c1e68a6d8ae
429,20251014-S-AM,DUPLICATE_EXACT,,91,04cae37a6a9c5848a73a9ca52bd00eb94d4672c58723c0d2c59b7880344f8a29
430,20251119-S-AM,ACCEPTED,,,c6df89fc5fd6bb3319e9be8f34ded8ab2f59b0298da9d696234c900bbecfffc7
431,20250709-S-PM,ACCEPTED,,,2b2e9c2c7953d47389be36d1a113ff9a334711ae14cde830b6879e6d119e5853
432,20250820-S-AM,ACCEPTED,,,f29dfba506977a5adbd29d42cfd124174cfaf60d181f3ca713455f5139dd7e8f
433,20251107-S-AM,ACCEPTED,,,406c7e008d9abcf09a14401bb71a3fb55d68485278689fc34af65e60d9b99f4e
434,20251017-S-AM,ACCEPTED,,,76bd270b27274c5248608b36465b830b398574785286c4798dc793b5ac4f382b
435,20250807-N-PM,QUARANTINED,INVALID_DATE,,13858b5b07a232124c737d93292af63326e5576a382b1996dcdd81ec3064b816
436,20251231-N-PM,ACCEPTED,,,e4dff9af0300e3cbcffeef859a73f59d9888b508c7f527cce5425d8faf79c786
437,20251103-N-AM,DUPLICATE_NORMALIZED,,456,2f63421374b9063790bf693b2d664d8045dcd5e8df37d69ffa7067d1765d9882
438,20250911-N-PM,ACCEPTED,,,7a66b40bb0edb9b4189dc9433d4913bddbd5fff43b3ed9d21e12312e0b15fabd
439,20251028-S-AM,ACCEPTED,,,f15e966c97e0fa061ab268278b79a982da27381ffd2c3e4412f2447c4688643a
440,20251211-S-PM,ACCEPTED,,,7a9f7e61ced1f2adb763fc178d5a09e884fb8d8c85fb13667cfb69483208ea5a
441,20251218-N-AM,ACCEPTED,,,aaf6d720dacd792a3f1c425cc10960c3317045c482d1469aaa57aece882c431a
442,20251226-S-PM,ACCEPTED,,,7254fd09ba11bc41b7c26459e0184c4f9253962992a5d0e11c7a04ba44770dde
443,20250725-S-AM,ACCEPTED,,,dccf9c29c21c21b464ec7611e6dfa285c32687c1a4f50f52357438fbae655017
444,20250905-S-PM,ACCEPTED,,,3c449f7de6504e3cc4130166324f75d33c572d5a90f317b429a90e66fa6e2290
445,20251217-S-PM,ACCEPTED,,,7b8f23b2f63d48d4646be116c60b439989ebd5b34b98491eb7486967da0f38fe
446,20251002-S-AM,ACCEPTED,,,7b7ebff1216b059518d231eaa15f7e0740b1a39ccabc439425418fef79c8b72f
447,20250827-N-AM,ACCEPTED,,,b4ac1174fdd7823d1674ad3c917f185ddd5c9b752c0a211a3d6d2ded456dacf2
448,20250901-N-AM,ACCEPTED,,,f99712b29b2ad2763ed8912db96bb41237345ec83ece79e736b6155591dab819
449,20251216-N-AM,ACCEPTED,,,602d16e84ed0186727b419b91b02e77c11b9d6d432f5f883910de21133927480
450,20251223-N-AM,ACCEPTED,,,f863057a673604269fb3ad72ce952f739cf23ba3a173fd04316c27ed7150fcc6
451,20250724-N-AM,ACCEPTED,,,baf461b6aef53c3f06cc38798fef83d3d68cea82efcf898068669277cc042106
452,20251020-N-AM,ACCEPTED,,,af91e83edf775d6697058a9c3daf94923cbe694fdf1f7052a15c2d1532b6081c
453,20250814-N-AM,ACCEPTED,,,f6fb2fb77b5edc4051028da24e0ed938b7a1a3ddd713c0c925f0da5b91179eee
454,20251231-N-AM,ACCEPTED,,,d632e9359ca2d97f87f618c96b42d59cd20d2a6bb7c4ce22ec6515e11e3c92f6
455,20251211-N-AM,ACCEPTED,,,86e798db354ef994c583063fdb9a315829a195918df97dcf408022749358b5b1
456,20251103-N-AM,ACCEPTED,,,00e60a4996e47e223eab8219be5af5c0260cd534f27d45dc44e22c48e9480d6e
457,20251121-S-AM,ACCEPTED,,,438673803ae82b1524d4e0ddb480aa58d4e0f50355654056171de95fded4d294
458,20250818-S-PM,ACCEPTED,,,2f65a24431ad8e56d360d25e4618757012daf31262759a1c6fcef026c0d35f25
459,20250701-S-PM,ACCEPTED,,,1d2ef9039639552444fc39eb0bc711bcf1023e76aa2f0d6d30178583e3e7326e
460,20250721-N-PM,ACCEPTED,,,646abea4280d5c568067d59ae730ec94bdfe0a9a2180fb87392af1265fffec62
461,20250929-N-PM,ACCEPTED,,,c2d61a21996fc9162a1ab44c09730ae19cb8caacceb0c3f05ae616939264a8f8
462,20251013-N-AM,ACCEPTED,,,b7ebb5b98b3121e01877fd198258b9f1fac533569a24e59e94a503e0722f21c3
463,20250805-S-PM,QUARANTINED,NONPOSITIVE_HOURS,,681087d599e0a80e58d40efe0852b021280dc2564e6b674e9e087cde7f2778f5
464,20251017-S-PM,ACCEPTED,,,fa9ca0111d9711d11bfc567cfe5910c445deb1790becc342eee9ddcabf3ca342
465,20251110-N-AM,ACCEPTED,,,e8ba2a8eb66828761ded2c75eaa7dbf4075ccbba29d3cc7f464f1b4101166d23
466,20251226-N-AM,ACCEPTED,,,103ed79896977c5e5fba57b0c8610e140c905abe61a054acbeef129953fdd40d
467,20250801-N-AM,ACCEPTED,,,6d3e3f42491618c898381f57e06633760e56a5975cc98f0c10aad403036596c8
468,20251031-N-AM,DUPLICATE_NORMALIZED,,113,e442b5d6a7ffddcc7a959cccf359b2be9e5891b8631fdc45d415e460c77551e1
469,20251125-S-AM,ACCEPTED,,,0a1278734bd88df62a24c04421c77885964cba0d3de1f32dd6ec036a8835f8b4
470,20251030-N-AM,ACCEPTED,,,6b4a6a2d670724a7812dd7711fe1bc2fd3deeb6b6429002a84aa21e4ed4ad9d4
471,20250820-N-AM,ACCEPTED,,,0ec9f3ffdc7ab75aa3d2c2492a470aee0581ec5f79cb19ff8d48b46beb83e329
472,20250812-S-AM,QUARANTINED,INVALID_NUMBER,,75cd33e826af2a6a42960507f01f2a9fe83c62d37b3d860973b624a9f115aceb
473,20250710-N-AM,ACCEPTED,,,945a27abb2a698812bf1a68e5b754cb2dece61299b72359bcf6a48f573c091d1
474,20251107-N-PM,ACCEPTED,,,6ba6c51f6090c33ac6734b7c4ad0d3b9455a3c663edc029a0dbd216a6b20ca6a
475,20250902-S-PM,ACCEPTED,,,857ac2db1103b2bf66d56bbe2a9568737368122909470c5fd917d842cef0d47c
476,20250815-S-PM,ACCEPTED,,,0f733aba10e800644ab7662a8abb8c6d396d2a24676584b02713331e9cf04b45
477,20251103-N-PM,DUPLICATE_NORMALIZED,,66,c8c4ad564fccb2acbcdc773bcc28766d9fa67537bb26950369e5a740453d37c0
478,20250922-S-PM,ACCEPTED,,,8c7303df3854213b1266bd83f136c10435618de416cda309b3e09236aa631869
479,20250924-S-PM,ACCEPTED,,,39765247e6c5eebe36e9095e278b64ec52e3edc99605ec6bcf7c44b0b773aed0
480,20251001-N-PM,ACCEPTED,,,1e75c442c8640c99d96ee539fb145e4c01ff379dca03e11cc1964d2491e8d14b
481,20251006-N-AM,ACCEPTED,,,819afdff73b0c1fa2aeb5895442e8aa35081efa3d2802595afcdc15afae86aab
482,20251029-N-AM,ACCEPTED,,,94b096f7a7aa6a3ea068ca5a0f00f27ba86b401444800621c6d7d0da05c726ca
483,20251120-N-AM,ACCEPTED,,,e77198d58f866e6be961e6866e3bddb4f09a5ade686a15ca9a154e9a9e4dab69
484,20251022-S-PM,ACCEPTED,,,b4f45fafbf630f643404d41c2ff2e36c8f3ff83e1dfcc7ee0e888ab74e75a964
485,20250925-S-AM,ACCEPTED,,,00f6a750033daba2384a683ed40cdcd0856f76871b9f71dccdaf54492b0e9123
486,20250909-S-PM,QUARANTINED,DUPLICATE_CONFLICT,,428dc78897c07af8cc5cf029a51288672178b95b84283676aa9b110fc9ff7552
487,20251229-S-PM,ACCEPTED,,,1714e2ad6bbbdd3bc4fd885c7f9388d025c29d6577e29cfd5fc4d26c26b469ed
488,20250804-N-AM,ACCEPTED,,,b5bea30e5e00546c9db514f2e2c6c9f1bdd6ef3b09e81bede288d96e8ff5bde8
489,20251114-S-PM,ACCEPTED,,,e2377780553c74d7e617763b88ed9db5776a74b18321e86098bb26748d2237ff
490,20250714-S-AM,ACCEPTED,,,6f9b1e06f2e75e05dc8d1580342b7c648db78b5fc4f76aba63a8ca9524d2384b
491,20251212-N-AM,ACCEPTED,,,30a36ff1f2c9ff121422b02dddd9818ca02acbbe3b72dd54555cd2b15a275eb4
492,20251017-N-AM,ACCEPTED,,,58c660e73dfff440ff146a9b5823500d8bda61bbef7ab0d143421612c1f5437f
493,20251106-S-AM,ACCEPTED,,,5b41c8a6d82bf3f89ca102c5e642d59faf219ece2430deeef1c21b94820f4e47
494,20251118-S-AM,ACCEPTED,,,4fbd9b0956cc695562db677ba72b17a76f164f15987c9d60ec66184a758ecaf9
495,20250826-N-PM,ACCEPTED,,,a881c53ef1d586141b4ade8607ce527781ce6da759eeb893fb1cc0f12741187e
496,20251114-N-AM,ACCEPTED,,,dd7facfe3214b7e6de0e565f073ea335ab3a8884a459275947cdb4f1c007fdc9
497,20251205-S-PM,ACCEPTED,,,53a41f9c932b326383f49fb9b30060331c0af37df8b8dd8a15401abb4f78b2b0
498,20251215-N-PM,ACCEPTED,,,49b102ccd08d05c7ae8ba74ff4c8786435be64e5bd41bdb7fca93ff00f8715d9
499,20250826-S-PM,ACCEPTED,,,1c753cb3009c35969798cdd8eef25a25ddb4d2439095c1ee1cdbe030a0ff5429
500,20251104-S-AM,ACCEPTED,,,8af5c89e3bbc953f6f424024923b3fe95aa2de94af10ec5000820cf6778ddd5b
501,20250813-S-AM,ACCEPTED,,,003af18264dc1cb55e26b6fdf17b4c8eb70905dc7a13096e8a325957718a346b
502,20250804-S-AM,ACCEPTED,,,4f707ab9d1ea39f4063bb74c5f80608de9a2af69ac7af305bc8852b399c27e21
503,20251031-N-PM,DUPLICATE_NORMALIZED,,48,e191fb78d8fb81f2833a44d23d699a87c9db9cfdc07840c77968f683b61b1c60
504,20251218-N-PM,ACCEPTED,,,c91843df5566b89f3aa6c1fefcc0871f43f7e46ec796cd203b2138081c68bc64
505,20251113-N-AM,ACCEPTED,,,4f0c88cb29b1a31eae1435af8e2c1b0c5b31f156b65ee99d65e722c60ff73712
506,20251002-S-PM,ACCEPTED,,,43feec815f18c5d6c7baf02c081a17b0b43f490c7906fa2d498d28e05be73560
507,20251208-S-PM,ACCEPTED,,,c70cb665e2cc3f34d9fc7eeedefc51d9823f53f1785a2a20be2bec9fa05f1572
508,20251010-N-AM,ACCEPTED,,,53f40d28ef817d5db52a0fce5a977c984b81ec193da6f81c6eec0af91d32e9f2
509,20251007-S-PM,ACCEPTED,,,ca2f0960bb68b41ba1dd0ea61ec8193d3e2f59d73703976b820e3ffff2b62dbb
510,20250704-S-PM,ACCEPTED,,,08e62fc1794b7e52edbaac454119468abce883260a7738a4c370f5334f7374ed
511,20251211-N-PM,ACCEPTED,,,64fb46f74c410e18f500622e3b9851cfcac7a9a7c5b3c8f721f47434b74b9d2c
512,20250723-N-PM,ACCEPTED,,,9008d239c8426aece26ff140401f7cff7e30a3fa3660f45ad52fb9eac4539e90
513,20250814-S-PM,ACCEPTED,,,2b927ffbaaca8ee20c02bd210ed1fea65c35109da46e8be020a91444e3217707
514,20250723-S-AM,ACCEPTED,,,8e27023e6c9eddd92cc7e45259fe705eb46ee3784da481a3f1fd03196a0ac13d
515,20250908-S-PM,ACCEPTED,,,f15b7cbbc3f6294f775b45260accad23566c1bb03f3c15b1e27b4e6c5aa0951c
516,20250730-S-PM,ACCEPTED,,,125dd1e1453a93982a6d297c6d5fc298236673388717066f09149b13d1b4ea2d
517,20251225-S-AM,ACCEPTED,,,3de88f8ec1ef8611bd9c32c0029ae68c07504d60b4e17c619fec7648c54706ec
518,20250811-S-PM,QUARANTINED,NONPOSITIVE_HOURS,,a9616aeb0563529400423acffc582a346be9a062c89821fed97c1d68e1edf151
519,20251105-N-PM,ACCEPTED,,,a87e4bd14a97167f8c252d1e7b8b7d589444747cd22cc6f38960ddd36be0d798
520,20250917-S-AM,ACCEPTED,,,ad543a7f34a2178ef05dfa57b5efa91abfdf7d9781982ba7e551a8c85500a05f
521,20250707-N-PM,ACCEPTED,,,10239e6acc97f8f078947802dee36f93a143a21bf41058bd5f6d15102b3c4855
522,20251121-S-PM,ACCEPTED,,,5dac9f1324ef36ce2aed241618ddd905079f1c74a939812182e8bf6d2a48c6a3
523,20251022-N-AM,ACCEPTED,,,974df3d3745365a7302ceabfe9747dad58af9aefb95209b7e1012cf799e3a768
524,20251112-N-AM,ACCEPTED,,,feeed8deb2fe3d747daf64eb5d1ea67a37667dae0ab0ed4c649341de31da8908
525,20251014-S-PM,DUPLICATE_EXACT,,85,6bb5f7b2fd20b92ce648db3627e86994990bbe3feb41859911eb140add2f62ef
526,20250730-S-AM,ACCEPTED,,,96e48172adc43379bb34c3b1190ca1becfc40b1b76d1fd8555a6abe229b1bdba
527,20250722-S-PM,ACCEPTED,,,23a055119a1e2da482e39e2297dc3a21ec8256a9977cadd14bd7e9c977fc0b18
528,20251219-S-AM,ACCEPTED,,,dae0b3e358eb106aa4d2b8a275630035c2f2c80c19932e766ddbd805e8831dab
529,20250708-N-PM,ACCEPTED,,,aeba9736115237fba851285b3d85488cf75dd3c9da8223426361a8b7fcf87b5c
530,20250828-N-AM,ACCEPTED,,,740beb748c84292441e20477fab2e21c47c2697b128d2c513c130d36f490c24d
531,20250718-S-AM,ACCEPTED,,,b743a3c54fb0f179e2a7361057f75d38257c7c1008c37e9c5569ebf00d2e0a5d
532,20251107-S-PM,ACCEPTED,,,8b670affc66525a190cd3a2ea7795e849ac57030324338947531db391e0c2743
533,20251110-N-PM,ACCEPTED,,,8fe1f47542586ed33aedd556c9d054cd5cb0b583ff01d25cf80f026356161572
534,20250806-N-AM,QUARANTINED,UNKNOWN_CATEGORY,,000542d619f798576642945e7507a5fdd6ed3f2a17ab4f1f35b3bea4231ddfa6
535,20251103-S-PM,ACCEPTED,,,57bb6e104c3ed7d4f90a041dc426918b0efcc2735b997a6b75aa3c116aaa9448
536,20251001-N-AM,ACCEPTED,,,12411455102bef03139077dca23f3de23fe2e2f7387577dcca56fad1710fce2b
537,20251010-S-PM,ACCEPTED,,,1cfb847b7446455fc8f612198c06de93416124c6801bfaf90175bca1c612dc57
538,20251126-S-AM,ACCEPTED,,,2f9f1f71352c97c73c46778b917fb6c58f7f4b2c28e933311d3876b89b89573c
539,20251113-S-PM,ACCEPTED,,,42f9b7b47fb316e0591750505ee7664668fd700672cb4e449feefaa6589e707b
540,20251002-N-PM,ACCEPTED,,,5880c23fd14ac4634092d4459c36d3f1c90f390c0f1ce4dd094ab35daf4b8471
541,20250909-S-AM,QUARANTINED,DUPLICATE_CONFLICT,,d0e9b04b5ef794fba1ed041b252b46c3b51a9e4438c1f86a5d0bcdd1432892d7
542,20250818-S-AM,ACCEPTED,,,83b2feef3879a67d86af5d2d746f7fd71c16c15d3e92675813497669c5a94308
543,20250709-N-AM,ACCEPTED,,,2825a8c914945a725c0b451556a2a6e46b7e4a40f7dab6afbd848d333415e889
544,20250909-N-AM,QUARANTINED,DUPLICATE_CONFLICT,,c0fa4ed20fd4cdf65448b81dbae4aecb124293a280eb2bfef5baed3eadb19134
545,20250910-N-PM,QUARANTINED,DUPLICATE_CONFLICT,,2d4671c0f63e2f1b7fc9011c1ee6d1dabf40b5fa35541f83b8d74b383aae996c
546,20250709-N-PM,ACCEPTED,,,8888804eee3642a9fdbb4c6851ff44abf4b7eecb8d1bbfba9d36771c4f3284e1
547,20250808-N-AM,QUARANTINED,UNKNOWN_CATEGORY,,58e4c703a32bc3e432690e7f78d433a5fc4a33f6d6c6ddc710eacb9ec9965f9a
548,20250807-S-AM,QUARANTINED,NEGATIVE_VALUE;ORDER_RECONCILIATION,,6a5b694da0d5f6ceb8cd21b485f24e86d4d08849bb3b2517f3ade6c91ee90519
549,20251216-N-PM,ACCEPTED,,,c9c80e30da879de29950a63608f68fc70bf03a1342493138f9ea519d244e28f9
550,20251223-S-PM,ACCEPTED,,,bf050aeaa4316b7335e7c0e648c0a3791f13c045b177fad359cf41ba1b37b9d7
551,20251231-S-PM,ACCEPTED,,,a348d61de23a20d2bf77b99e7052647dcf05160f524d5506e0f78170d9666e89
552,20250918-N-AM,ACCEPTED,,,830c44f9309dacbad69529d08209116ec42120014273cb95699bc3a440df7eec
553,20250925-N-PM,ACCEPTED,,,a824e55bb79c324b61ff6bdca2061535781f9ac337ad7c8a0f739724b12ba71a
554,20250701-N-PM,ACCEPTED,,,c69f4059d48242314df1c3c3c0f1d0d9010d23286ca4aabda4015cc3bf2b4c74
555,20250717-S-PM,ACCEPTED,,,01908918e6b7bd3d9f2c5c321780b15a63d0b923fd8a83c7b979efc8ca589c7a
