record_id,date,month,site,shift,orders_due,on_time_orders,late_orders,units_shipped,rework_orders,planned_hours,regular_hours,overtime_hours,complex_orders,standard_hours,downtime_minutes,capacity_late,rework_late,stock_late,carrier_late,other_late
20250701-N-AM,2025-07-01,2025-07,North,AM,216,198,18,560,1,52.5,48.0,2.1,36,36.0,60,5,1,5,2,5
20250701-N-PM,2025-07-01,2025-07,North,PM,178,173,5,545,5,52.5,49.0,3.2,32,29.9,10,3,1,1,0,0
20250701-S-AM,2025-07-01,2025-07,South,AM,211,182,29,791,4,45.0,39.1,3.6,66,38.25,0,11,4,6,3,5
20250701-S-PM,2025-07-01,2025-07,South,PM,215,203,12,827,10,45.0,43.2,0.8,85,40.75,35,4,5,2,0,1
20250702-N-AM,2025-07-02,2025-07,North,AM,229,214,15,710,4,52.5,50.7,2.3,44,38.75,60,1,3,3,3,5
20250702-N-PM,2025-07-02,2025-07,North,PM,227,219,8,876,6,52.5,50.2,1.2,69,40.95,20,4,2,1,1,0
20250702-S-AM,2025-07-02,2025-07,South,AM,195,191,4,630,3,45.0,41.7,2.2,46,33.85,0,0,1,1,0,2
20250702-S-PM,2025-07-02,2025-07,South,PM,215,208,7,745,3,45.0,43.0,1.7,37,35.95,10,0,2,2,1,2
20250703-N-AM,2025-07-03,2025-07,North,AM,228,225,3,696,1,52.5,49.9,2.9,78,42.0,0,0,1,0,0,2
20250703-N-PM,2025-07-03,2025-07,North,PM,222,214,8,675,7,52.5,50.0,0,43,37.6,0,0,1,7,0,0
20250703-S-AM,2025-07-03,2025-07,South,AM,206,196,10,718,5,45.0,42.7,3.8,53,36.2,60,2,1,3,0,4
20250703-S-PM,2025-07-03,2025-07,South,PM,241,214,27,754,4,45.0,43.5,3.5,77,43.85,60,9,4,7,1,6
20250704-N-AM,2025-07-04,2025-07,North,AM,242,233,9,696,9,52.5,50.5,0,49,41.2,0,1,4,1,1,2
20250704-N-PM,2025-07-04,2025-07,North,PM,228,222,6,595,1,52.5,47.1,0.6,18,36.0,0,0,1,3,0,2
20250704-S-AM,2025-07-04,2025-07,South,AM,227,223,4,681,6,45.0,43.0,2.0,74,41.45,35,1,2,1,0,0
20250704-S-PM,2025-07-04,2025-07,South,PM,250,239,11,775,4,45.0,42.9,1.4,70,44.5,0,8,0,3,0,0
20250707-N-AM,2025-07-07,2025-07,North,AM,255,243,12,864,9,52.5,51.3,2.2,81,46.35,10,3,2,4,0,3
20250707-N-PM,2025-07-07,2025-07,North,PM,259,246,13,973,6,52.5,51.2,0.9,72,46.05,35,4,4,4,1,0
20250707-S-AM,2025-07-07,2025-07,South,AM,244,223,21,770,7,45.0,43.3,1.6,82,44.8,0,11,4,2,1,3
20250707-S-PM,2025-07-07,2025-07,South,PM,271,248,23,940,9,45.0,42.8,1.7,66,47.25,0,9,7,4,1,2
20250708-N-AM,2025-07-08,2025-07,North,AM,221,209,12,696,11,52.5,47.8,0.7,49,38.05,60,4,4,2,0,2
20250708-N-PM,2025-07-08,2025-07,North,PM,246,225,21,836,7,52.5,51.1,2.6,67,43.6,60,4,7,4,0,6
20250708-S-AM,2025-07-08,2025-07,South,AM,197,189,8,682,8,45.0,43.3,0.4,76,37.15,0,0,2,2,0,4
20250708-S-PM,2025-07-08,2025-07,South,PM,214,201,13,662,3,45.0,42.9,1.4,61,38.2,0,3,2,3,2,3
20250709-N-AM,2025-07-09,2025-07,North,AM,210,205,5,625,6,52.5,50.2,1.9,23,33.8,0,0,2,3,0,0
20250709-N-PM,2025-07-09,2025-07,North,PM,261,245,16,585,5,52.5,47.2,0.7,21,41.25,35,7,2,5,1,1
20250709-S-AM,2025-07-09,2025-07,South,AM,181,174,7,697,3,45.0,42.3,0,54,32.55,20,1,0,2,2,2
20250709-S-PM,2025-07-09,2025-07,South,PM,210,198,12,801,12,45.0,42.6,2.1,108,42.3,10,4,5,1,1,1
20250710-N-AM,2025-07-10,2025-07,North,AM,203,198,5,775,3,52.5,48.0,2.7,67,37.15,0,0,3,1,0,1
20250710-N-PM,2025-07-10,2025-07,North,PM,233,205,28,733,8,52.5,47.1,2.0,47,39.65,20,1,3,1,21,2
20250710-S-AM,2025-07-10,2025-07,South,AM,212,187,25,679,4,45.0,43.5,0,65,38.3,35,2,3,2,18,0
20250710-S-PM,2025-07-10,2025-07,South,PM,235,213,22,949,6,45.0,40.0,0.2,85,43.75,60,13,1,7,1,0
20250711-N-AM,2025-07-11,2025-07,North,AM,199,189,10,600,2,52.5,47.4,0,18,31.65,0,2,2,5,0,1
20250711-N-PM,2025-07-11,2025-07,North,PM,226,220,6,780,5,52.5,51.4,0.9,56,39.5,10,1,0,2,2,1
20250711-S-AM,2025-07-11,2025-07,South,AM,180,174,6,556,3,45.0,43.6,1.9,23,29.3,35,2,1,1,0,2
20250711-S-PM,2025-07-11,2025-07,South,PM,196,180,16,840,8,45.0,42.1,0,86,38.0,60,7,1,2,1,5
20250714-N-AM,2025-07-14,2025-07,North,AM,189,183,6,597,8,52.5,48.5,1.6,35,31.85,0,1,2,1,0,2
20250714-N-PM,2025-07-14,2025-07,North,PM,264,260,4,865,7,52.5,50.4,2.6,43,43.9,0,2,1,1,0,0
20250714-S-AM,2025-07-14,2025-07,South,AM,244,210,34,895,9,45.0,40.6,2.2,99,46.5,0,19,8,3,0,4
20250714-S-PM,2025-07-14,2025-07,South,PM,248,219,29,875,10,45.0,40.3,3.6,79,45.1,0,12,10,2,2,3
20250715-N-AM,2025-07-15,2025-07,North,AM,202,196,6,630,2,52.5,46.7,1.8,34,33.7,0,0,1,1,1,3
20250715-N-PM,2025-07-15,2025-07,North,PM,231,227,4,607,2,52.5,50.9,3.0,26,37.25,0,0,0,3,0,1
20250715-S-AM,2025-07-15,2025-07,South,AM,225,209,16,852,5,45.0,40.4,3.0,61,39.85,35,8,1,2,3,2
20250715-S-PM,2025-07-15,2025-07,South,PM,214,206,8,710,1,45.0,41.1,0,56,37.7,0,4,1,1,0,2
20250716-N-AM,2025-07-16,2025-07,North,AM,190,185,5,628,7,52.5,50.3,0.8,46,33.1,0,1,1,2,1,0
20250716-N-PM,2025-07-16,2025-07,North,PM,247,226,21,610,5,52.5,46.8,1.6,21,39.15,10,2,3,2,13,1
20250716-S-AM,2025-07-16,2025-07,South,AM,259,226,33,858,4,45.0,42.1,1.2,94,48.25,60,18,4,3,2,6
20250716-S-PM,2025-07-16,2025-07,South,PM,182,175,7,679,9,45.0,40.8,2.9,67,34.0,0,0,5,1,0,1
20250717-N-AM,2025-07-17,2025-07,North,AM,170,160,10,637,3,52.5,47.8,1.1,44,29.9,60,2,3,4,0,1
20250717-N-PM,2025-07-17,2025-07,North,PM,190,184,6,689,3,52.5,47.0,0.0,46,33.1,10,2,3,1,0,0
20250717-S-AM,2025-07-17,2025-07,South,AM,233,217,16,921,6,45.0,39.5,0,74,42.35,10,8,2,2,0,4
20250717-S-PM,2025-07-17,2025-07,South,PM,215,203,12,780,4,45.0,43.9,1.4,101,42.35,0,4,4,2,0,2
20250718-N-AM,2025-07-18,2025-07,North,AM,270,250,20,691,9,52.5,47.7,0.9,38,44.3,35,1,9,3,2,5
20250718-N-PM,2025-07-18,2025-07,North,PM,217,199,18,707,4,52.5,48.5,2.2,71,39.65,35,6,4,2,2,4
20250718-S-AM,2025-07-18,2025-07,South,AM,160,156,4,487,1,45.0,43.0,1.3,36,27.6,20,1,1,0,1,1
20250718-S-PM,2025-07-18,2025-07,South,PM,198,191,7,630,4,45.0,43.2,3.8,66,36.3,10,0,1,4,0,2
20250721-N-AM,2025-07-21,2025-07,North,AM,330,300,30,1162,10,52.5,46.6,0.1,88,58.3,0,17,10,2,1,0
20250721-N-PM,2025-07-21,2025-07,North,PM,201,177,24,628,5,52.5,47.9,1.3,38,33.95,60,3,5,9,2,5
20250721-S-AM,2025-07-21,2025-07,South,AM,203,199,4,639,1,45.0,42.8,0.9,59,36.35,0,1,1,1,0,1
20250721-S-PM,2025-07-21,2025-07,South,PM,235,222,13,691,6,45.0,42.3,1.9,60,41.25,0,8,1,2,1,1
20250722-N-AM,2025-07-22,2025-07,North,AM,252,227,25,745,8,52.5,46.8,0,60,43.8,20,8,7,6,2,2
20250722-N-PM,2025-07-22,2025-07,North,PM,262,250,12,723,6,52.5,49.0,0,38,43.1,20,3,6,2,0,1
20250722-S-AM,2025-07-22,2025-07,South,AM,167,162,5,562,5,45.0,42.9,2.8,62,31.25,0,0,2,2,0,1
20250722-S-PM,2025-07-22,2025-07,South,PM,188,167,21,732,4,45.0,41.4,2.4,61,34.3,0,3,4,2,11,1
20250723-N-AM,2025-07-23,2025-07,North,AM,210,202,8,577,3,52.5,49.0,1.8,31,34.6,0,1,3,2,1,1
20250723-N-PM,2025-07-23,2025-07,North,PM,199,193,6,578,1,52.5,47.4,1.6,33,33.15,10,1,1,1,1,2
20250723-S-AM,2025-07-23,2025-07,South,AM,170,170,0,575,2,45.0,40.0,1.3,47,30.2,0,0,0,0,0,0
20250723-S-PM,2025-07-23,2025-07,South,PM,223,202,21,789,11,45.0,40.7,1.5,96,43.05,10,7,8,2,1,3
20250724-N-AM,2025-07-24,2025-07,North,AM,205,194,11,600,3,52.5,48.9,2.7,39,34.65,35,0,3,4,1,3
20250724-N-PM,2025-07-24,2025-07,North,PM,265,240,25,764,4,52.5,47.4,2.0,71,46.85,35,7,4,5,4,5
20250724-S-AM,2025-07-24,2025-07,South,AM,189,173,16,663,5,45.0,42.5,2.9,61,34.45,35,2,5,3,2,4
20250724-S-PM,2025-07-24,2025-07,South,PM,204,199,5,622,3,45.0,39.0,2.0,46,35.2,10,0,2,1,0,2
20250725-N-AM,2025-07-25,2025-07,North,AM,254,226,28,796,3,52.5,46.7,2.0,59,44.0,60,13,3,3,2,7
20250725-N-PM,2025-07-25,2025-07,North,PM,206,186,20,551,7,52.5,49.3,2.2,44,35.3,35,3,6,4,7,0
20250725-S-AM,2025-07-25,2025-07,South,AM,229,216,13,758,6,45.0,39.9,1.9,63,40.65,10,6,2,3,1,1
20250725-S-PM,2025-07-25,2025-07,South,PM,198,188,10,647,6,45.0,43.8,0,63,36.0,60,1,2,5,0,2
20250728-N-AM,2025-07-28,2025-07,North,AM,267,255,12,938,6,52.5,49.8,0.3,50,45.05,0,2,5,3,0,2
20250728-N-PM,2025-07-28,2025-07,North,PM,314,284,30,944,9,52.5,51.1,0.5,65,53.6,35,8,9,4,2,7
20250728-S-AM,2025-07-28,2025-07,South,AM,242,225,17,901,2,45.0,43.9,1.9,74,43.7,20,11,2,2,0,2
20250728-S-PM,2025-07-28,2025-07,South,PM,210,196,14,823,5,45.0,42.7,0,76,39.1,20,4,4,2,0,4
20250729-N-AM,2025-07-29,2025-07,North,AM,237,220,17,719,6,52.5,48.2,2.2,61,41.65,60,2,6,4,0,5
20250729-N-PM,2025-07-29,2025-07,North,PM,278,259,19,813,13,52.5,50.2,2.8,59,47.6,0,6,8,2,1,2
20250729-S-AM,2025-07-29,2025-07,South,AM,183,180,3,659,5,45.0,42.3,2.0,58,33.25,0,1,0,1,1,0
20250729-S-PM,2025-07-29,2025-07,South,PM,175,161,14,674,8,45.0,39.6,1.6,66,32.85,10,4,4,2,2,2
20250730-N-AM,2025-07-30,2025-07,North,AM,242,237,5,773,4,52.5,48.3,0.3,39,40.2,0,1,0,2,1,1
20250730-N-PM,2025-07-30,2025-07,North,PM,235,231,4,604,7,52.5,49.6,2.1,19,37.15,0,0,2,1,1,0
20250730-S-AM,2025-07-30,2025-07,South,AM,186,182,4,635,4,45.0,40.0,0.2,65,34.4,10,1,1,1,0,1
20250730-S-PM,2025-07-30,2025-07,South,PM,212,200,12,853,5,45.0,40.9,3.0,83,40.1,0,6,1,3,0,2
20250731-N-AM,2025-07-31,2025-07,North,AM,220,213,7,639,7,52.5,50.3,0.9,54,38.4,0,1,2,0,3,1
20250731-N-PM,2025-07-31,2025-07,North,PM,220,198,22,653,2,52.5,47.3,1.3,45,37.5,0,2,2,2,12,4
20250731-S-AM,2025-07-31,2025-07,South,AM,181,174,7,703,6,45.0,41.6,2.7,75,34.65,0,1,3,2,1,0
20250731-S-PM,2025-07-31,2025-07,South,PM,167,165,2,575,3,45.0,42.8,2.2,69,31.95,0,0,1,0,1,0
20250801-N-AM,2025-08-01,2025-08,North,AM,267,253,14,824,9,52.5,46.6,2.2,61,46.15,10,6,4,1,2,1
20250801-N-PM,2025-08-01,2025-08,North,PM,213,210,3,721,4,52.5,50.4,0,52,37.15,0,0,1,1,0,1
20250801-S-AM,2025-08-01,2025-08,South,AM,165,163,2,597,4,45.0,42.8,1.6,64,31.15,0,1,0,0,0,1
20250801-S-PM,2025-08-01,2025-08,South,PM,249,217,32,869,8,45.0,39.8,1.6,79,45.25,60,19,6,3,2,2
20250804-N-AM,2025-08-04,2025-08,North,AM,245,227,18,781,6,52.5,46.9,0.9,53,42.05,60,9,2,3,0,4
20250804-N-PM,2025-08-04,2025-08,North,PM,239,234,5,868,11,52.5,50.6,2.9,61,41.95,20,1,2,2,0,0
20250804-S-AM,2025-08-04,2025-08,South,AM,194,183,11,792,6,45.0,42.5,0.2,72,36.3,60,2,2,3,2,2
20250804-S-PM,2025-08-04,2025-08,South,PM,235,214,21,841,4,45.0,42.4,0,81,43.35,0,8,3,5,2,3
20250805-N-AM,2025-08-05,2025-08,North,AM,202,198,4,702,3,52.5,47.9,3.2,32,33.5,0,0,0,3,0,1
20250805-N-PM,2025-08-05,2025-08,North,PM,242,237,5,707,7,52.5,46.8,0.9,50,41.3,10,0,2,0,1,2
20250805-S-AM,2025-08-05,2025-08,South,AM,186,179,7,582,4,45.0,40.8,1.9,55,33.4,0,2,1,3,1,0
20250805-S-PM,2025-08-05,2025-08,South,PM,223,200,23,806,10,45.0,41.0,0.9,109,44.35,20,12,4,3,0,4
20250806-N-AM,2025-08-06,2025-08,North,AM,227,224,3,782,6,52.5,48.1,1.0,76,41.65,0,0,2,0,0,1
20250806-N-PM,2025-08-06,2025-08,North,PM,193,185,8,571,5,52.5,48.0,1.8,38,32.75,0,2,2,4,0,0
20250806-S-AM,2025-08-06,2025-08,South,AM,231,208,23,885,7,45.0,43.7,0,81,42.75,60,8,7,6,2,0
20250806-S-PM,2025-08-06,2025-08,South,PM,234,216,18,826,8,45.0,39.5,0.7,49,40.0,10,5,6,3,2,2
20250807-N-AM,2025-08-07,2025-08,North,AM,204,201,3,566,1,52.5,50.7,0.8,17,32.3,0,0,0,2,1,0
20250807-N-PM,2025-08-07,2025-08,North,PM,274,258,16,731,5,52.5,48.8,2.7,48,45.9,10,3,4,6,0,3
20250807-S-AM,2025-08-07,2025-08,South,AM,191,184,7,503,7,45.0,41.7,0.2,33,31.95,20,0,3,2,2,0
20250807-S-PM,2025-08-07,2025-08,South,PM,229,221,8,731,7,45.0,42.5,2.9,52,39.55,0,2,2,3,1,0
20250808-N-AM,2025-08-08,2025-08,North,AM,216,205,11,648,9,52.5,48.3,1.0,67,39.1,60,1,3,2,2,3
20250808-N-PM,2025-08-08,2025-08,North,PM,217,213,4,526,1,52.5,50.7,1.9,21,34.65,0,0,1,2,1,0
20250808-S-AM,2025-08-08,2025-08,South,AM,204,197,7,669,6,45.0,42.3,1.1,68,37.4,20,0,4,0,0,3
20250808-S-PM,2025-08-08,2025-08,South,PM,207,197,10,688,9,45.0,40.3,3.9,61,37.15,0,3,2,2,1,2
20250811-N-AM,2025-08-11,2025-08,North,AM,253,245,8,808,3,52.5,50.7,2.0,74,45.35,0,1,1,2,1,3
20250811-N-PM,2025-08-11,2025-08,North,PM,250,234,16,958,4,52.5,48.0,1.9,70,44.5,35,5,2,5,0,4
20250811-S-AM,2025-08-11,2025-08,South,AM,268,221,47,1042,8,45.0,40.6,2.3,109,51.1,35,30,6,6,2,3
20250811-S-PM,2025-08-11,2025-08,South,PM,185,179,6,716,3,45.0,43.0,1.5,61,33.85,60,1,0,2,1,2
20250812-N-AM,2025-08-12,2025-08,North,AM,232,225,7,668,2,52.5,46.9,2.1,60,40.8,10,2,2,1,1,1
20250812-N-PM,2025-08-12,2025-08,North,PM,210,208,2,574,4,52.5,49.4,1.3,17,33.2,10,0,1,1,0,0
20250812-S-AM,2025-08-12,2025-08,South,AM,242,209,33,853,6,45.0,39.5,1.8,84,44.7,10,18,6,3,3,3
20250812-S-PM,2025-08-12,2025-08,South,PM,181,167,14,564,8,45.0,40.8,0.6,66,33.75,60,1,6,5,1,1
20250813-N-AM,2025-08-13,2025-08,North,AM,244,231,13,621,6,52.5,49.6,3.3,40,40.6,35,0,6,2,3,2
20250813-N-PM,2025-08-13,2025-08,North,PM,261,236,25,757,3,52.5,49.8,3.0,48,43.95,0,5,3,3,12,2
20250813-S-AM,2025-08-13,2025-08,South,AM,264,238,26,914,4,45.0,43.1,1.7,54,45.0,10,10,4,5,1,6
20250813-S-PM,2025-08-13,2025-08,South,PM,195,186,9,797,3,45.0,41.1,1.4,92,38.45,60,3,0,4,0,2
20250814-N-AM,2025-08-14,2025-08,North,AM,265,246,19,719,6,52.5,47.7,3.4,60,45.75,35,9,4,3,0,3
20250814-N-PM,2025-08-14,2025-08,North,PM,223,222,1,635,3,52.5,49.9,2.3,21,35.55,0,0,0,1,0,0
20250814-S-AM,2025-08-14,2025-08,South,AM,241,204,37,950,5,45.0,39.3,0,77,43.85,60,18,5,4,2,8
20250814-S-PM,2025-08-14,2025-08,South,PM,194,182,12,640,3,45.0,40.0,0.7,71,36.2,10,4,1,4,1,2
20250815-N-AM,2025-08-15,2025-08,North,AM,237,228,9,766,2,52.5,50.1,1.9,47,40.25,20,2,2,3,2,0
20250815-N-PM,2025-08-15,2025-08,North,PM,215,205,10,813,8,52.5,48.4,0.8,61,38.35,0,2,3,2,0,3
20250815-S-AM,2025-08-15,2025-08,South,AM,196,186,10,773,4,45.0,41.7,2.2,63,35.7,35,3,3,3,1,0
20250815-S-PM,2025-08-15,2025-08,South,PM,194,189,5,790,6,45.0,39.4,3.7,74,36.5,10,2,1,1,0,1
20250818-N-AM,2025-08-18,2025-08,North,AM,259,248,11,632,5,52.5,50.0,0,30,41.85,10,2,4,3,2,0
20250818-N-PM,2025-08-18,2025-08,North,PM,216,206,10,700,1,52.5,50.2,1.4,39,36.3,10,3,1,1,1,4
20250818-S-AM,2025-08-18,2025-08,South,AM,236,230,6,763,6,45.0,43.1,3.6,82,43.6,0,4,1,1,0,0
20250818-S-PM,2025-08-18,2025-08,South,PM,278,251,27,947,11,45.0,43.5,3.0,77,49.4,60,16,7,1,2,1
20250819-N-AM,2025-08-19,2025-08,North,AM,215,211,4,707,1,52.5,48.4,2.6,24,34.65,35,0,1,1,1,1
20250819-N-PM,2025-08-19,2025-08,North,PM,194,173,21,490,2,52.5,51.4,2.8,29,32.0,20,0,1,4,15,1
20250819-S-AM,2025-08-19,2025-08,South,AM,247,226,21,943,4,45.0,42.4,0.1,93,46.35,0,12,2,3,2,2
20250819-S-PM,2025-08-19,2025-08,South,PM,182,177,5,560,4,45.0,40.8,1.8,62,33.5,20,0,3,0,0,2
20250820-N-AM,2025-08-20,2025-08,North,AM,231,223,8,756,8,52.5,50.5,0,53,39.95,20,0,4,2,1,1
20250820-N-PM,2025-08-20,2025-08,North,PM,217,210,7,608,5,52.5,47.4,0.4,39,36.45,35,0,3,2,1,1
20250820-S-AM,2025-08-20,2025-08,South,AM,190,182,8,727,5,45.0,39.4,0.8,54,33.9,35,4,1,2,0,1
20250820-S-PM,2025-08-20,2025-08,South,PM,208,193,15,678,3,45.0,39.8,0.8,84,39.6,0,8,2,2,1,2
20250821-N-AM,2025-08-21,2025-08,North,AM,247,237,10,653,5,52.5,49.9,0,47,41.75,60,0,4,3,2,1
20250821-N-PM,2025-08-21,2025-08,North,PM,234,206,28,792,5,52.5,46.9,2.5,54,40.5,10,4,2,3,18,1
20250821-S-AM,2025-08-21,2025-08,South,AM,163,147,16,574,4,45.0,43.0,1.6,44,28.85,0,1,3,1,9,2
20250821-S-PM,2025-08-21,2025-08,South,PM,204,192,12,657,3,45.0,42.6,3.8,70,37.6,60,6,0,2,2,2
20250822-N-AM,2025-08-22,2025-08,North,AM,246,238,8,681,4,52.5,49.8,1.2,37,40.6,0,2,0,3,1,2
20250822-N-PM,2025-08-22,2025-08,North,PM,279,265,14,957,6,52.5,51.1,0.9,65,48.35,0,5,3,4,1,1
20250822-S-AM,2025-08-22,2025-08,South,AM,245,221,24,742,2,45.0,41.2,2.5,76,44.35,0,13,2,4,0,5
20250822-S-PM,2025-08-22,2025-08,South,PM,213,201,12,802,5,45.0,39.6,1.4,72,39.15,0,5,3,2,1,1
20250825-N-AM,2025-08-25,2025-08,North,AM,250,235,15,891,3,52.5,50.1,0.7,50,42.5,0,2,3,6,3,1
20250825-N-PM,2025-08-25,2025-08,North,PM,213,207,6,638,3,52.5,48.6,0,31,35.05,0,1,0,2,0,3
20250825-S-AM,2025-08-25,2025-08,South,AM,188,182,6,669,6,45.0,42.5,0,58,34.0,35,1,4,1,0,0
20250825-S-PM,2025-08-25,2025-08,South,PM,214,206,8,661,5,45.0,43.6,0.4,77,39.8,0,3,2,1,0,2
20250826-N-AM,2025-08-26,2025-08,North,AM,191,183,8,728,4,52.5,48.2,0.8,57,34.35,20,2,2,2,1,1
20250826-N-PM,2025-08-26,2025-08,North,PM,251,222,29,824,3,52.5,48.7,1.1,58,43.45,20,1,3,3,13,9
20250826-S-AM,2025-08-26,2025-08,South,AM,209,202,7,802,4,45.0,40.5,0.7,68,38.15,0,1,3,2,0,1
20250826-S-PM,2025-08-26,2025-08,South,PM,248,224,24,809,4,45.0,42.4,1.2,68,44.0,60,14,4,2,0,4
20250827-N-AM,2025-08-27,2025-08,North,AM,244,239,5,788,3,52.5,48.9,1.0,46,41.2,0,1,1,3,0,0
20250827-N-PM,2025-08-27,2025-08,North,PM,214,205,9,565,3,52.5,50.1,0.8,39,36.0,35,2,2,2,1,2
20250827-S-AM,2025-08-27,2025-08,South,AM,208,197,11,775,7,45.0,40.2,2.1,70,38.2,0,3,2,3,1,2
20250827-S-PM,2025-08-27,2025-08,South,PM,229,211,18,763,8,45.0,43.1,2.7,79,42.25,35,7,6,1,2,2
20250828-N-AM,2025-08-28,2025-08,North,AM,251,234,17,810,11,52.5,48.2,0,57,43.35,35,7,7,3,0,0
20250828-N-PM,2025-08-28,2025-08,North,PM,288,277,11,910,5,52.5,46.8,1.5,23,45.5,0,3,3,4,0,1
20250828-S-AM,2025-08-28,2025-08,South,AM,212,209,3,720,13,45.0,43.0,3.6,89,40.7,0,0,1,1,1,0
20250828-S-PM,2025-08-28,2025-08,South,PM,223,205,18,852,6,45.0,42.8,1.2,103,43.75,10,7,5,2,2,2
20250829-N-AM,2025-08-29,2025-08,North,AM,223,209,14,704,7,52.5,46.8,1.9,46,38.05,35,1,4,2,1,6
20250829-N-PM,2025-08-29,2025-08,North,PM,206,203,3,718,4,52.5,50.0,3.7,60,36.9,20,1,0,2,0,0
20250829-S-AM,2025-08-29,2025-08,South,AM,191,175,16,733,2,45.0,41.0,1.6,57,34.35,20,1,1,1,11,2
20250829-S-PM,2025-08-29,2025-08,South,PM,211,192,19,685,2,45.0,42.7,2.8,49,36.55,20,2,2,1,13,1
20250901-N-AM,2025-09-01,2025-09,North,AM,279,262,17,821,6,52.5,47.7,2.3,63,48.15,10,7,6,1,0,3
20250901-N-PM,2025-09-01,2025-09,North,PM,257,241,16,793,5,52.5,50.6,0.1,89,47.45,0,6,3,3,1,3
20250901-S-AM,2025-09-01,2025-09,South,AM,250,221,29,788,11,45.0,42.4,3.1,87,46.2,0,10,11,4,2,2
20250901-S-PM,2025-09-01,2025-09,South,PM,249,191,58,997,8,45.0,30.9,4.4,96,46.95,0,44,4,5,1,4
20250902-N-AM,2025-09-02,2025-09,North,AM,198,192,6,534,1,52.5,49.2,0,45,34.2,35,0,1,1,1,3
20250902-N-PM,2025-09-02,2025-09,North,PM,228,223,5,702,2,52.5,50.4,0.5,29,37.1,20,1,1,0,1,2
20250902-S-AM,2025-09-02,2025-09,South,AM,241,220,21,836,7,45.0,42.0,0.8,95,45.65,0,7,7,3,0,4
20250902-S-PM,2025-09-02,2025-09,South,PM,228,187,41,1031,14,45.0,34.0,6.1,120,46.2,35,20,10,3,2,6
20250903-N-AM,2025-09-03,2025-09,North,AM,242,237,5,869,14,52.5,48.5,0,57,42.0,0,1,3,0,0,1
20250903-N-PM,2025-09-03,2025-09,North,PM,164,156,8,434,5,52.5,48.3,1.4,32,27.8,0,1,2,3,0,2
20250903-S-AM,2025-09-03,2025-09,South,AM,203,195,8,789,2,45.0,39.2,2.3,66,37.05,10,3,1,1,1,2
20250903-S-PM,2025-09-03,2025-09,South,PM,220,192,28,800,8,45.0,30.8,3.3,77,40.7,0,15,5,2,3,3
20250904-N-AM,2025-09-04,2025-09,North,AM,208,188,20,612,4,52.5,48.6,0.6,44,35.6,20,1,3,1,14,1
20250904-N-PM,2025-09-04,2025-09,North,PM,190,180,10,602,3,52.5,49.3,0,37,32.2,35,0,3,3,0,4
20250904-S-AM,2025-09-04,2025-09,South,AM,247,218,29,789,5,45.0,42.2,0.9,70,44.05,0,15,5,3,0,6
20250904-S-PM,2025-09-04,2025-09,South,PM,215,196,19,738,6,45.0,30.7,4.0,47,36.95,0,8,1,3,2,5
20250905-N-AM,2025-09-05,2025-09,North,AM,260,247,13,817,6,52.5,48.6,3.8,29,41.9,0,3,6,2,0,2
20250905-N-PM,2025-09-05,2025-09,North,PM,251,244,7,694,5,52.5,47.0,1.4,34,41.05,0,4,1,2,0,0
20250905-S-AM,2025-09-05,2025-09,South,AM,299,246,53,916,9,45.0,40.1,2.0,100,54.85,35,40,5,4,1,3
20250905-S-PM,2025-09-05,2025-09,South,PM,189,179,10,653,4,45.0,33.1,3.6,35,31.85,0,5,2,1,1,1
20250908-N-AM,2025-09-08,2025-09,North,AM,277,243,34,903,9,52.5,46.8,2.0,61,47.65,20,19,5,5,2,3
20250908-N-PM,2025-09-08,2025-09,North,PM,218,213,5,709,0,52.5,47.9,0.1,32,35.9,0,1,0,1,1,2
20250908-S-AM,2025-09-08,2025-09,South,AM,238,207,31,802,5,45.0,43.3,2.5,73,43.0,35,5,5,4,12,5
20250908-S-PM,2025-09-08,2025-09,South,PM,251,206,45,838,10,45.0,32.8,0.5,78,45.45,0,25,7,7,4,2
20250909-N-AM,2025-09-09,2025-09,North,AM,195,191,4,444,4,52.5,48.6,0.9,17,30.95,10,1,1,2,0,0
20250909-N-PM,2025-09-09,2025-09,North,PM,231,230,1,646,4,52.5,49.8,0,32,37.85,10,0,0,1,0,0
20250909-S-AM,2025-09-09,2025-09,South,AM,226,211,15,849,6,45.0,41.9,1.0,86,42.5,0,5,5,4,1,0
20250909-S-PM,2025-09-09,2025-09,South,PM,223,203,20,786,9,45.0,34.4,3.3,55,38.95,0,12,5,2,0,1
20250910-N-AM,2025-09-10,2025-09,North,AM,252,243,9,957,4,52.5,49.5,3.0,72,45.0,0,3,1,1,2,2
20250910-N-PM,2025-09-10,2025-09,North,PM,237,227,10,735,6,52.5,51.1,1.8,19,37.45,35,1,1,3,3,2
20250910-S-AM,2025-09-10,2025-09,South,AM,170,163,7,647,3,45.0,42.9,0.8,52,30.7,0,1,1,1,2,2
20250910-S-PM,2025-09-10,2025-09,South,PM,226,189,37,789,7,45.0,32.7,2.9,65,40.4,0,12,2,4,18,1
20250911-N-AM,2025-09-11,2025-09,North,AM,297,279,18,939,7,52.5,51.2,1.7,84,52.95,0,9,3,3,0,3
20250911-N-PM,2025-09-11,2025-09,North,PM,277,255,22,1001,4,52.5,51.3,3.4,67,48.25,35,8,4,0,4,6
20250911-S-AM,2025-09-11,2025-09,South,AM,212,204,8,745,9,45.0,41.4,3.6,60,37.8,0,2,5,1,0,0
20250911-S-PM,2025-09-11,2025-09,South,PM,230,209,21,630,7,45.0,31.7,4.3,50,39.5,0,15,3,1,0,2
20250912-N-AM,2025-09-12,2025-09,North,AM,251,241,10,686,4,52.5,48.4,0.1,34,41.05,35,2,3,1,3,1
20250912-N-PM,2025-09-12,2025-09,North,PM,254,229,25,797,3,52.5,49.4,3.4,36,41.7,60,5,3,9,3,5
20250912-S-AM,2025-09-12,2025-09,South,AM,226,214,12,820,8,45.0,42.1,2.2,85,42.4,0,7,3,1,0,1
20250912-S-PM,2025-09-12,2025-09,South,PM,196,177,19,620,3,45.0,33.6,1.5,67,36.1,0,13,1,3,1,1
20250915-N-AM,2025-09-15,2025-09,North,AM,247,237,10,803,2,52.5,50.9,0.4,55,42.55,20,1,2,2,0,5
20250915-N-PM,2025-09-15,2025-09,North,PM,251,241,10,937,4,52.5,47.3,2.8,73,44.95,0,4,1,2,1,2
20250915-S-AM,2025-09-15,2025-09,South,AM,231,216,15,875,3,45.0,41.8,3.0,74,42.05,0,4,3,2,0,6
20250915-S-PM,2025-09-15,2025-09,South,PM,208,187,21,812,11,45.0,32.3,0.7,72,38.4,0,8,8,3,1,1
20250916-N-AM,2025-09-16,2025-09,North,AM,251,226,25,842,7,52.5,51.3,1.5,49,42.55,35,2,5,1,16,1
20250916-N-PM,2025-09-16,2025-09,North,PM,195,186,9,513,4,52.5,50.5,1.0,35,32.75,0,2,2,4,0,1
20250916-S-AM,2025-09-16,2025-09,South,AM,174,170,4,636,3,45.0,40.6,0.2,38,29.9,10,0,3,1,0,0
20250916-S-PM,2025-09-16,2025-09,South,PM,193,178,15,713,6,45.0,32.8,3.8,61,35.05,10,9,2,3,0,1
20250917-N-AM,2025-09-17,2025-09,North,AM,216,203,13,737,4,52.5,47.1,1.9,35,35.9,0,3,4,0,1,5
20250917-N-PM,2025-09-17,2025-09,North,PM,216,214,2,685,7,52.5,47.5,1.0,52,37.6,0,0,0,2,0,0
20250917-S-AM,2025-09-17,2025-09,South,AM,197,187,10,682,8,45.0,39.4,2.3,53,34.85,0,5,2,1,2,0
20250917-S-PM,2025-09-17,2025-09,South,PM,146,142,4,450,6,45.0,34.6,4.6,52,27.1,20,2,1,1,0,0
20250918-N-AM,2025-09-18,2025-09,North,AM,249,219,30,699,9,52.5,50.1,2.3,67,44.05,35,3,8,3,15,1
20250918-N-PM,2025-09-18,2025-09,North,PM,211,204,7,673,5,52.5,46.7,2.9,64,38.05,0,2,1,4,0,0
20250918-S-AM,2025-09-18,2025-09,South,AM,206,199,7,618,3,45.0,42.1,3.4,58,36.7,0,0,3,1,1,2
20250918-S-PM,2025-09-18,2025-09,South,PM,256,205,51,921,5,45.0,30.9,3.4,88,47.2,60,32,5,5,3,6
20250919-N-AM,2025-09-19,2025-09,North,AM,205,195,10,557,5,52.5,50.8,3.3,30,33.75,60,0,2,7,1,0
20250919-N-PM,2025-09-19,2025-09,North,PM,223,214,9,780,3,52.5,46.6,1.0,46,38.05,0,1,2,3,2,1
20250919-S-AM,2025-09-19,2025-09,South,AM,187,179,8,542,5,45.0,40.5,0,53,33.35,35,1,2,1,1,3
20250919-S-PM,2025-09-19,2025-09,South,PM,167,160,7,601,4,45.0,31.6,5.3,60,31.05,0,4,1,1,0,1
20250922-N-AM,2025-09-22,2025-09,North,AM,259,249,10,765,2,52.5,47.3,2.3,60,44.85,0,1,1,3,2,3
20250922-N-PM,2025-09-22,2025-09,North,PM,229,222,7,690,5,52.5,49.3,0.5,29,37.25,20,0,2,1,2,2
20250922-S-AM,2025-09-22,2025-09,South,AM,218,200,18,701,4,45.0,43.1,0.7,72,39.9,35,5,4,4,0,5
20250922-S-PM,2025-09-22,2025-09,South,PM,280,220,60,968,9,45.0,31.8,3.4,76,49.6,20,46,6,3,3,2
20250923-N-AM,2025-09-23,2025-09,North,AM,253,247,6,625,4,52.5,50.4,0.4,34,41.35,0,0,2,2,1,1
20250923-N-PM,2025-09-23,2025-09,North,PM,194,184,10,565,3,52.5,49.5,0,30,32.1,0,5,1,3,0,1
20250923-S-AM,2025-09-23,2025-09,South,AM,195,190,5,621,10,45.0,42.9,1.2,66,35.85,20,1,2,0,1,1
20250923-S-PM,2025-09-23,2025-09,South,PM,214,191,23,759,3,45.0,34.8,2.1,64,38.5,35,8,3,3,2,7
20250924-N-AM,2025-09-24,2025-09,North,AM,224,213,11,726,4,52.5,46.8,2.5,65,40.1,35,1,2,3,1,4
20250924-N-PM,2025-09-24,2025-09,North,PM,176,167,9,566,4,52.5,51.3,0.9,42,30.6,35,1,3,3,0,2
20250924-S-AM,2025-09-24,2025-09,South,AM,206,195,11,653,1,45.0,43.6,1.4,57,36.6,0,3,1,3,1,3
20250924-S-PM,2025-09-24,2025-09,South,PM,191,174,17,737,8,45.0,31.5,2.7,65,35.15,0,10,4,2,0,1
20250925-N-AM,2025-09-25,2025-09,North,AM,214,211,3,581,1,52.5,50.6,1.7,32,35.3,0,1,1,0,0,1
20250925-N-PM,2025-09-25,2025-09,North,PM,243,233,10,914,12,52.5,49.9,0.7,73,43.75,0,2,3,4,1,0
20250925-S-AM,2025-09-25,2025-09,South,AM,205,198,7,759,4,45.0,41.3,0.6,73,38.05,20,4,2,0,0,1
20250925-S-PM,2025-09-25,2025-09,South,PM,214,183,31,644,5,45.0,32.7,5.9,54,37.5,60,18,3,6,0,4
20250926-N-AM,2025-09-26,2025-09,North,AM,226,216,10,639,1,52.5,47.2,0.9,41,38.0,0,1,1,4,2,2
20250926-N-PM,2025-09-26,2025-09,North,PM,176,169,7,566,4,52.5,50.8,2.2,30,29.4,60,3,1,3,0,0
20250926-S-AM,2025-09-26,2025-09,South,AM,234,209,25,754,5,45.0,40.3,2.1,81,43.2,0,14,4,2,3,2
20250926-S-PM,2025-09-26,2025-09,South,PM,187,167,20,609,8,45.0,32.4,2.2,70,35.05,20,12,3,2,2,1
20250929-N-AM,2025-09-29,2025-09,North,AM,272,267,5,896,4,52.5,51.3,0.6,58,46.6,10,2,1,1,1,0
20250929-N-PM,2025-09-29,2025-09,North,PM,265,261,4,641,4,52.5,50.4,2.7,25,42.25,10,0,0,2,0,2
20250929-S-AM,2025-09-29,2025-09,South,AM,189,179,10,661,4,45.0,41.3,0.8,45,32.85,35,2,1,4,2,1
20250929-S-PM,2025-09-29,2025-09,South,PM,221,192,29,887,9,45.0,33.2,2.4,82,41.35,0,19,5,2,1,2
20250930-N-AM,2025-09-30,2025-09,North,AM,219,211,8,702,6,52.5,48.6,1.5,39,36.75,20,0,5,2,1,0
20250930-N-PM,2025-09-30,2025-09,North,PM,261,256,5,815,9,52.5,50.0,1.2,62,45.35,0,1,3,0,0,1
20250930-S-AM,2025-09-30,2025-09,South,AM,227,214,13,917,11,45.0,40.5,0,100,44.05,0,10,1,0,0,2
20250930-S-PM,2025-09-30,2025-09,South,PM,245,203,42,861,2,45.0,32.4,2.5,85,45.25,10,20,1,1,19,1
20251001-N-AM,2025-10-01,2025-10,North,AM,226,218,8,734,5,52.5,47.5,0.2,37,37.6,10,1,4,2,0,1
20251001-N-PM,2025-10-01,2025-10,North,PM,210,207,3,714,6,52.5,49.7,1.5,48,36.3,0,2,0,0,0,1
20251001-S-AM,2025-10-01,2025-10,South,AM,177,173,4,621,4,45.0,40.9,2.9,37,30.25,0,0,2,1,0,1
20251001-S-PM,2025-10-01,2025-10,South,PM,196,184,12,563,5,45.0,30.7,2.1,55,34.9,0,5,2,2,1,2
20251002-N-AM,2025-10-02,2025-10,North,AM,194,189,5,606,3,52.5,50.7,2.1,35,32.6,35,3,0,2,0,0
20251002-N-PM,2025-10-02,2025-10,North,PM,239,227,12,895,7,52.5,48.7,1.4,68,42.65,0,3,4,3,0,2
20251002-S-AM,2025-10-02,2025-10,South,AM,225,212,13,732,8,45.0,44.0,0,66,40.35,60,3,5,4,0,1
20251002-S-PM,2025-10-02,2025-10,South,PM,182,172,10,713,4,45.0,31.8,1.2,56,32.9,0,5,4,0,0,1
20251003-N-AM,2025-10-03,2025-10,North,AM,233,223,10,780,5,52.5,47.1,2.4,59,40.85,0,2,4,0,1,3
20251003-N-PM,2025-10-03,2025-10,North,PM,209,198,11,722,6,52.5,51.0,2.6,59,37.25,20,2,4,1,2,2
20251003-S-AM,2025-10-03,2025-10,South,AM,261,229,32,1062,6,45.0,40.8,1.2,101,49.25,10,19,3,5,2,3
20251003-S-PM,2025-10-03,2025-10,South,PM,190,169,21,725,5,45.0,31.5,1.8,75,36.0,0,12,5,1,3,0
20251006-N-AM,2025-10-06,2025-10,North,AM,232,219,13,637,5,52.5,47.4,0.6,39,38.7,10,1,4,8,0,0
20251006-N-PM,2025-10-06,2025-10,North,PM,264,260,4,911,6,52.5,50.3,0,52,44.8,0,1,0,1,1,1
20251006-S-AM,2025-10-06,2025-10,South,AM,280,247,33,937,13,45.0,41.1,0.5,78,49.8,0,19,10,0,1,3
20251006-S-PM,2025-10-06,2025-10,South,PM,259,210,49,785,6,45.0,32.5,4.4,69,45.75,0,34,6,4,1,4
20251007-N-AM,2025-10-07,2025-10,North,AM,266,254,12,843,5,52.5,49.3,1.1,32,43.1,0,6,4,1,0,1
20251007-N-PM,2025-10-07,2025-10,North,PM,275,261,14,872,9,52.5,47.0,1.6,93,50.55,0,6,3,2,2,1
20251007-S-AM,2025-10-07,2025-10,South,AM,163,158,5,572,5,45.0,39.4,2.3,40,28.45,0,1,2,1,0,1
20251007-S-PM,2025-10-07,2025-10,South,PM,221,200,21,642,3,45.0,31.8,1.4,63,39.45,0,12,3,3,1,2
20251008-N-AM,2025-10-08,2025-10,North,AM,206,194,12,770,7,52.5,50.6,2.9,57,36.6,35,1,6,3,1,1
20251008-N-PM,2025-10-08,2025-10,North,PM,262,252,10,690,9,52.5,49.2,0.3,38,43.1,10,1,3,1,3,2
20251008-S-AM,2025-10-08,2025-10,South,AM,215,208,7,627,2,45.0,40.9,1.2,51,37.35,0,1,0,2,1,3
20251008-S-PM,2025-10-08,2025-10,South,PM,196,183,13,540,3,45.0,32.7,4.6,45,33.9,0,4,2,6,0,1
20251009-N-AM,2025-10-09,2025-10,North,AM,234,212,22,835,6,52.5,46.7,1.7,64,41.5,60,6,6,3,3,4
20251009-N-PM,2025-10-09,2025-10,North,PM,231,219,12,605,2,52.5,49.6,3.1,29,37.55,35,2,2,2,1,5
20251009-S-AM,2025-10-09,2025-10,South,AM,218,198,20,672,9,45.0,40.7,3.1,65,39.2,20,4,7,3,2,4
20251009-S-PM,2025-10-09,2025-10,South,PM,198,164,34,650,3,45.0,30.2,2.5,80,37.7,0,23,3,5,0,3
20251010-N-AM,2025-10-10,2025-10,North,AM,257,249,8,794,3,52.5,49.9,3.5,30,41.55,10,2,2,2,1,1
20251010-N-PM,2025-10-10,2025-10,North,PM,234,222,12,878,11,52.5,48.4,2.4,60,41.1,0,0,4,3,2,3
20251010-S-AM,2025-10-10,2025-10,South,AM,206,199,7,697,6,45.0,40.6,2.5,48,35.7,0,1,1,4,0,1
20251010-S-PM,2025-10-10,2025-10,South,PM,228,197,31,853,7,45.0,32.5,2.7,64,40.6,60,18,5,4,3,1
20251013-N-AM,2025-10-13,2025-10,North,AM,243,235,8,896,6,52.5,51.4,1.6,56,42.05,20,2,1,2,2,1
20251013-N-PM,2025-10-13,2025-10,North,PM,212,206,6,555,7,52.5,50.3,2.0,26,34.4,10,1,3,1,1,0
20251013-S-AM,2025-10-13,2025-10,South,AM,245,227,18,654,7,45.0,41.2,1.2,41,40.85,35,9,5,2,0,2
20251013-S-PM,2025-10-13,2025-10,South,PM,174,155,19,542,5,45.0,31.4,2.4,50,31.1,20,6,5,2,1,5
20251014-N-AM,2025-10-14,2025-10,North,AM,260,246,14,743,4,52.5,50.6,2.5,59,44.9,0,2,2,3,2,5
20251014-N-PM,2025-10-14,2025-10,North,PM,241,227,14,749,5,52.5,49.2,1.1,46,40.75,10,2,5,1,1,5
20251014-S-AM,2025-10-14,2025-10,South,AM,266,241,25,860,12,45.0,40.5,1.6,98,49.7,20,9,8,5,1,2
20251014-S-PM,2025-10-14,2025-10,South,PM,227,193,34,860,7,45.0,31.0,2.5,72,41.25,0,18,5,9,0,2
20251015-N-AM,2025-10-15,2025-10,North,AM,238,229,9,809,2,52.5,51.3,1.2,42,39.9,10,3,1,3,0,2
20251015-N-PM,2025-10-15,2025-10,North,PM,234,224,10,789,4,52.5,47.3,1.9,66,41.7,20,1,4,2,0,3
20251015-S-AM,2025-10-15,2025-10,South,AM,229,211,18,726,5,45.0,39.7,0.7,67,41.05,20,3,5,5,2,3
20251015-S-PM,2025-10-15,2025-10,South,PM,214,191,23,777,7,45.0,31.9,3.6,66,38.7,35,16,1,3,2,1
20251016-N-AM,2025-10-16,2025-10,North,AM,182,175,7,474,3,52.5,50.2,1.2,16,28.9,0,0,1,3,1,2
20251016-N-PM,2025-10-16,2025-10,North,PM,236,229,7,690,5,52.5,47.7,0,56,41.0,0,2,2,0,1,2
20251016-S-AM,2025-10-16,2025-10,South,AM,207,182,25,811,7,45.0,43.7,3.0,75,38.55,10,1,3,2,19,0
20251016-S-PM,2025-10-16,2025-10,South,PM,233,191,42,808,8,45.0,33.0,4.0,77,42.65,35,24,7,9,0,2
20251017-N-AM,2025-10-17,2025-10,North,AM,202,193,9,536,4,52.5,48.9,2.1,22,32.5,35,0,3,2,0,4
20251017-N-PM,2025-10-17,2025-10,North,PM,220,217,3,641,5,52.5,46.9,1.7,65,39.5,35,0,2,1,0,0
20251017-S-AM,2025-10-17,2025-10,South,AM,203,188,15,766,2,45.0,41.4,2.1,69,37.35,60,3,2,6,1,3
20251017-S-PM,2025-10-17,2025-10,South,PM,218,183,35,782,8,45.0,31.0,3.6,64,39.1,0,24,6,2,0,3
20251020-N-AM,2025-10-20,2025-10,North,AM,283,257,26,810,5,52.5,49.4,1.3,59,48.35,60,11,3,6,2,4
20251020-N-PM,2025-10-20,2025-10,North,PM,219,209,10,650,5,52.5,46.9,1.7,52,38.05,35,2,4,2,0,2
20251020-S-AM,2025-10-20,2025-10,South,AM,241,223,18,699,8,45.0,41.0,3.6,59,42.05,0,3,4,2,8,1
20251020-S-PM,2025-10-20,2025-10,South,PM,199,182,17,662,5,45.0,34.3,3.9,72,37.05,10,10,0,4,1,2
20251021-N-AM,2025-10-21,2025-10,North,AM,211,201,10,692,9,52.5,46.6,2.0,44,36.05,0,1,4,3,0,2
20251021-N-PM,2025-10-21,2025-10,North,PM,278,246,32,1045,1,52.5,47.2,2.0,95,51.2,0,13,1,4,1,13
20251021-S-AM,2025-10-21,2025-10,South,AM,243,213,30,779,4,45.0,42.4,0,84,44.85,35,20,1,7,1,1
20251021-S-PM,2025-10-21,2025-10,South,PM,254,221,33,1045,9,45.0,32.6,4.6,107,48.8,35,25,2,2,2,2
20251022-N-AM,2025-10-22,2025-10,North,AM,208,200,8,547,8,52.5,47.6,0.6,36,34.8,20,3,3,0,0,2
20251022-N-PM,2025-10-22,2025-10,North,PM,223,217,6,640,4,52.5,48.7,0.7,29,36.35,0,2,1,3,0,0
20251022-S-AM,2025-10-22,2025-10,South,AM,202,195,7,777,4,45.0,41.9,3.2,63,36.6,0,2,2,1,1,1
20251022-S-PM,2025-10-22,2025-10,South,PM,207,177,30,773,8,45.0,34.7,3.9,55,36.55,20,14,8,3,0,5
20251023-N-AM,2025-10-23,2025-10,North,AM,281,256,25,991,5,52.5,47.4,3.2,54,47.55,0,9,5,4,0,7
20251023-N-PM,2025-10-23,2025-10,North,PM,297,284,13,1022,8,52.5,49.6,1.6,69,51.45,0,6,3,2,1,1
20251023-S-AM,2025-10-23,2025-10,South,AM,212,207,5,663,4,45.0,43.8,1.1,79,39.7,0,4,1,0,0,0
20251023-S-PM,2025-10-23,2025-10,South,PM,236,189,47,868,3,45.0,31.1,2.5,62,41.6,35,16,3,1,24,3
20251024-N-AM,2025-10-24,2025-10,North,AM,195,189,6,674,7,52.5,51.0,2.9,56,34.85,0,1,3,0,1,1
20251024-N-PM,2025-10-24,2025-10,North,PM,207,191,16,598,9,52.5,49.4,1.5,53,36.35,0,1,2,0,12,1
20251024-S-AM,2025-10-24,2025-10,South,AM,236,219,17,757,11,45.0,41.3,1.4,91,44.5,35,10,3,1,3,0
20251024-S-PM,2025-10-24,2025-10,South,PM,210,171,39,775,5,45.0,32.5,1.7,81,39.6,0,9,5,4,20,1
20251027-N-AM,2025-10-27,2025-10,North,AM,237,210,27,770,6,52.5,47.9,2.3,43,39.85,60,2,2,2,18,3
20251027-N-PM,2025-10-27,2025-10,North,PM,261,251,10,749,6,52.5,47.1,0,36,42.75,20,2,3,2,2,1
20251027-S-AM,2025-10-27,2025-10,South,AM,231,215,16,818,10,45.0,39.8,2.8,43,38.95,35,5,5,3,0,3
20251027-S-PM,2025-10-27,2025-10,South,PM,180,169,11,594,6,45.0,33.7,1.2,60,33.0,0,6,3,0,1,1
20251028-N-AM,2025-10-28,2025-10,North,AM,269,258,11,824,8,52.5,49.6,0,50,45.35,0,5,4,0,1,1
20251028-N-PM,2025-10-28,2025-10,North,PM,239,227,12,623,5,52.5,49.8,2.7,40,39.85,20,3,4,3,1,1
20251028-S-AM,2025-10-28,2025-10,South,AM,201,190,11,619,7,45.0,40.9,4.3,41,34.25,60,1,6,1,1,2
20251028-S-PM,2025-10-28,2025-10,South,PM,155,150,5,459,3,45.0,33.1,0,31,26.35,35,0,3,1,0,1
20251029-N-AM,2025-10-29,2025-10,North,AM,238,231,7,789,7,52.5,48.7,0.4,62,41.9,20,1,1,3,0,2
20251029-N-PM,2025-10-29,2025-10,North,PM,219,201,18,636,3,52.5,50.3,4.1,29,35.75,0,2,2,0,14,0
20251029-S-AM,2025-10-29,2025-10,South,AM,202,197,5,643,4,45.0,39.8,1.2,69,37.2,0,1,0,2,2,0
20251029-S-PM,2025-10-29,2025-10,South,PM,237,202,35,896,12,45.0,32.7,1.6,74,42.95,0,17,10,5,1,2
20251030-N-AM,2025-10-30,2025-10,North,AM,227,221,6,632,1,52.5,49.9,1.9,32,37.25,0,3,1,2,0,0
20251030-N-PM,2025-10-30,2025-10,North,PM,242,228,14,641,7,52.5,46.8,2.7,36,39.9,60,4,4,1,1,4
20251030-S-AM,2025-10-30,2025-10,South,AM,210,180,30,616,7,45.0,42.2,1.5,53,36.8,35,3,6,4,15,2
20251030-S-PM,2025-10-30,2025-10,South,PM,171,161,10,559,3,45.0,34.5,3.5,61,31.75,0,0,3,3,1,3
20251031-N-AM,2025-10-31,2025-10,North,AM,248,241,7,674,7,52.5,47.7,0.3,58,43.0,0,0,4,1,1,1
20251031-N-PM,2025-10-31,2025-10,North,PM,252,242,10,819,7,52.5,50.5,0.2,55,43.3,0,3,1,3,0,3
20251031-S-AM,2025-10-31,2025-10,South,AM,201,192,9,636,6,45.0,43.9,3.6,57,35.85,0,1,3,3,1,1
20251031-S-PM,2025-10-31,2025-10,South,PM,227,191,36,805,5,45.0,32.6,2.4,85,42.55,0,20,5,3,4,4
20251103-N-AM,2025-11-03,2025-11,North,AM,249,237,12,919,10,52.5,49.9,5.0,60,43.35,60,4,5,3,0,0
20251103-N-PM,2025-11-03,2025-11,North,PM,307,268,39,1043,9,52.5,51.1,1.5,56,51.65,60,18,9,6,2,4
20251103-S-AM,2025-11-03,2025-11,South,AM,246,192,54,811,6,45.0,43.3,4.1,78,44.7,60,16,4,9,23,2
20251103-S-PM,2025-11-03,2025-11,South,PM,265,228,37,923,11,45.0,41.0,2.4,94,49.15,35,21,8,7,0,1
20251104-N-AM,2025-11-04,2025-11,North,AM,303,273,30,865,5,52.5,50.0,1.7,43,49.75,10,10,4,6,5,5
20251104-N-PM,2025-11-04,2025-11,North,PM,276,253,23,777,5,52.5,49.4,2.7,62,47.6,0,7,5,5,2,4
20251104-S-AM,2025-11-04,2025-11,South,AM,246,221,25,929,4,45.0,39.8,2.9,73,44.2,10,14,3,5,1,2
20251104-S-PM,2025-11-04,2025-11,South,PM,207,187,20,661,3,45.0,40.7,2.2,77,38.75,60,8,2,7,1,2
20251105-N-AM,2025-11-05,2025-11,North,AM,254,238,16,636,8,52.5,51.4,2.6,33,41.4,20,4,8,2,1,1
20251105-N-PM,2025-11-05,2025-11,North,PM,304,287,17,984,8,52.5,50.1,3.3,54,51.0,0,2,5,5,4,1
20251105-S-AM,2025-11-05,2025-11,South,AM,309,266,43,1016,7,45.0,40.7,2.9,93,55.65,10,29,7,3,1,3
20251105-S-PM,2025-11-05,2025-11,South,PM,303,254,49,1040,9,45.0,41.0,2.2,135,58.95,10,33,9,3,1,3
20251106-N-AM,2025-11-06,2025-11,North,AM,247,240,7,829,7,52.5,50.8,3.4,49,41.95,20,0,1,4,1,1
20251106-N-PM,2025-11-06,2025-11,North,PM,271,262,9,942,10,52.5,49.3,2.5,51,45.75,0,2,2,3,1,1
20251106-S-AM,2025-11-06,2025-11,South,AM,220,203,17,765,3,45.0,43.1,1.7,64,39.4,20,5,3,5,3,1
20251106-S-PM,2025-11-06,2025-11,South,PM,245,215,30,994,5,45.0,41.2,3.3,90,45.75,0,13,5,10,0,2
20251107-N-AM,2025-11-07,2025-11,North,AM,327,299,28,936,5,52.5,48.0,4.1,82,57.25,0,16,4,4,1,3
20251107-N-PM,2025-11-07,2025-11,North,PM,300,274,26,1003,9,52.5,48.2,5.3,56,50.6,0,13,9,3,0,1
20251107-S-AM,2025-11-07,2025-11,South,AM,166,160,6,539,4,45.0,41.6,0.9,64,31.3,35,3,1,0,1,1
20251107-S-PM,2025-11-07,2025-11,South,PM,289,250,39,926,6,45.0,40.5,3.4,110,54.35,20,24,6,5,3,1
20251110-N-AM,2025-11-10,2025-11,North,AM,293,275,18,895,5,52.5,49.9,1.8,77,51.65,0,6,5,2,1,4
20251110-N-PM,2025-11-10,2025-11,North,PM,392,337,55,1420,12,52.5,48.7,3.7,95,68.3,35,38,9,7,0,1
20251110-S-AM,2025-11-10,2025-11,South,AM,276,251,25,860,10,45.0,43.0,1.8,80,49.4,0,16,3,1,4,1
20251110-S-PM,2025-11-10,2025-11,South,PM,223,195,28,875,6,45.0,42.1,5.2,104,43.85,60,11,6,6,3,2
20251111-N-AM,2025-11-11,2025-11,North,AM,243,206,37,1020,10,52.5,46.8,2.1,100,46.45,35,12,8,2,13,2
20251111-N-PM,2025-11-11,2025-11,North,PM,299,285,14,1004,6,52.5,51.4,0.8,48,49.65,0,4,2,5,2,1
20251111-S-AM,2025-11-11,2025-11,South,AM,280,236,44,934,8,45.0,39.6,0.9,97,51.7,0,31,7,4,2,0
20251111-S-PM,2025-11-11,2025-11,South,PM,227,209,18,761,6,45.0,40.7,3.8,99,43.95,0,8,6,1,0,3
20251112-N-AM,2025-11-12,2025-11,North,AM,219,208,11,736,3,52.5,51.2,4.6,52,38.05,35,0,2,3,2,4
20251112-N-PM,2025-11-12,2025-11,North,PM,245,238,7,817,4,52.5,50.9,4.4,41,40.85,0,2,2,1,1,1
20251112-S-AM,2025-11-12,2025-11,South,AM,306,243,63,1105,11,45.0,43.4,3.1,94,55.3,20,27,10,4,19,3
20251112-S-PM,2025-11-12,2025-11,South,PM,229,197,32,846,6,45.0,39.6,0.7,115,45.85,0,19,6,4,1,2
20251113-N-AM,2025-11-13,2025-11,North,AM,224,219,5,660,1,52.5,50.9,0.2,26,36.2,0,0,1,2,1,1
20251113-N-PM,2025-11-13,2025-11,North,PM,240,233,7,756,1,52.5,50.6,3.7,44,40.4,0,1,1,2,2,1
20251113-S-AM,2025-11-13,2025-11,South,AM,249,212,37,923,8,45.0,42.9,3.9,74,44.75,35,9,4,5,15,4
20251113-S-PM,2025-11-13,2025-11,South,PM,206,197,9,722,9,45.0,42.5,2.7,53,36.2,20,1,4,1,1,2
20251114-N-AM,2025-11-14,2025-11,North,AM,266,249,17,737,6,52.5,47.0,2.1,67,46.6,0,7,4,6,0,0
20251114-N-PM,2025-11-14,2025-11,North,PM,257,249,8,835,4,52.5,47.7,1.6,47,43.25,10,1,1,4,1,1
20251114-S-AM,2025-11-14,2025-11,South,AM,257,223,34,913,10,45.0,39.0,3.4,83,46.85,20,19,3,5,0,7
20251114-S-PM,2025-11-14,2025-11,South,PM,262,232,30,870,9,45.0,41.5,2.6,53,44.6,60,16,2,6,3,3
20251117-N-AM,2025-11-17,2025-11,North,AM,265,252,13,853,9,52.5,46.5,2.1,44,44.15,20,4,4,3,2,0
20251117-N-PM,2025-11-17,2025-11,North,PM,259,254,5,789,7,52.5,48.5,3.9,25,41.35,10,0,1,3,0,1
20251117-S-AM,2025-11-17,2025-11,South,AM,200,199,1,568,4,45.0,43.1,2.4,56,35.6,10,0,1,0,0,0
20251117-S-PM,2025-11-17,2025-11,South,PM,276,235,41,1056,12,45.0,39.6,5.7,119,53.3,35,21,8,2,6,4
20251118-N-AM,2025-11-18,2025-11,North,AM,300,270,30,925,5,52.5,47.3,2.1,93,54.3,0,17,5,3,1,4
20251118-N-PM,2025-11-18,2025-11,North,PM,296,249,47,1085,5,52.5,50.4,2.9,85,52.9,60,25,5,12,1,4
20251118-S-AM,2025-11-18,2025-11,South,AM,209,202,7,752,7,45.0,43.9,5.3,83,39.65,20,2,2,2,0,1
20251118-S-PM,2025-11-18,2025-11,South,PM,276,244,32,856,7,45.0,41.5,5.6,90,50.4,20,20,7,2,1,2
20251119-N-AM,2025-11-19,2025-11,North,AM,262,251,11,734,3,52.5,48.2,3.8,67,46.0,10,4,3,1,0,3
20251119-N-PM,2025-11-19,2025-11,North,PM,229,224,5,821,3,52.5,49.8,3.7,67,41.05,20,1,0,3,0,1
20251119-S-AM,2025-11-19,2025-11,South,AM,221,203,18,752,9,45.0,40.2,4.4,79,41.05,20,11,2,2,1,2
20251119-S-PM,2025-11-19,2025-11,South,PM,266,237,29,1001,6,45.0,39.3,2.7,77,47.6,20,20,4,3,0,2
20251120-N-AM,2025-11-20,2025-11,North,AM,258,250,8,834,6,52.5,50.3,4.7,24,41.1,20,2,2,2,0,2
20251120-N-PM,2025-11-20,2025-11,North,PM,260,256,4,590,5,52.5,48.4,2.8,23,41.3,0,0,0,2,1,1
20251120-S-AM,2025-11-20,2025-11,South,AM,290,245,45,1048,9,45.0,39.6,1.4,70,50.5,10,29,7,3,2,4
20251120-S-PM,2025-11-20,2025-11,South,PM,289,238,51,1020,9,45.0,42.9,1.2,109,54.25,35,37,7,5,1,1
20251121-N-AM,2025-11-21,2025-11,North,AM,264,250,14,826,6,52.5,48.1,2.4,50,44.6,0,4,6,4,0,0
20251121-N-PM,2025-11-21,2025-11,North,PM,243,237,6,741,8,52.5,50.5,3.9,42,40.65,10,2,0,2,1,1
20251121-S-AM,2025-11-21,2025-11,South,AM,305,256,49,1003,5,45.0,39.1,1.8,121,57.85,35,35,3,4,3,4
20251121-S-PM,2025-11-21,2025-11,South,PM,262,229,33,811,9,45.0,43.9,1.0,90,48.3,35,18,6,5,3,1
20251124-N-AM,2025-11-24,2025-11,North,AM,293,271,22,898,5,52.5,47.8,3.6,40,47.95,20,11,4,4,1,2
20251124-N-PM,2025-11-24,2025-11,North,PM,265,248,17,944,5,52.5,49.8,1.6,74,47.15,0,9,4,1,1,2
20251124-S-AM,2025-11-24,2025-11,South,AM,291,248,43,1118,8,45.0,39.8,3.8,113,54.95,0,32,3,3,2,3
20251124-S-PM,2025-11-24,2025-11,South,PM,246,219,27,943,8,45.0,41.2,2.7,94,46.3,0,18,4,1,1,3
20251125-N-AM,2025-11-25,2025-11,North,AM,257,255,2,723,3,52.5,48.6,2.6,31,41.65,0,0,0,2,0,0
20251125-N-PM,2025-11-25,2025-11,North,PM,284,271,13,971,9,52.5,51.1,0.6,63,48.9,10,7,1,3,1,1
20251125-S-AM,2025-11-25,2025-11,South,AM,255,228,27,785,4,45.0,40.8,4.8,54,43.65,10,14,4,2,0,7
20251125-S-PM,2025-11-25,2025-11,South,PM,209,202,7,662,3,45.0,42.0,2.8,62,37.55,0,2,3,0,0,2
20251126-N-AM,2025-11-26,2025-11,North,AM,290,249,41,1077,10,52.5,47.1,2.8,101,53.6,60,21,8,6,3,3
20251126-N-PM,2025-11-26,2025-11,North,PM,183,175,8,604,4,52.5,51.2,2.0,45,31.95,60,2,3,1,1,1
20251126-S-AM,2025-11-26,2025-11,South,AM,230,221,9,785,5,45.0,42.6,2.7,49,39.4,10,7,2,0,0,0
20251126-S-PM,2025-11-26,2025-11,South,PM,303,251,52,983,8,45.0,39.2,2.2,123,57.75,20,41,6,3,0,2
20251127-N-AM,2025-11-27,2025-11,North,AM,260,246,14,765,5,52.5,51.2,3.4,21,41.1,20,2,4,6,0,2
20251127-N-PM,2025-11-27,2025-11,North,PM,304,289,15,915,5,52.5,49.8,0.7,52,50.8,0,10,1,1,1,2
20251127-S-AM,2025-11-27,2025-11,South,AM,234,214,20,888,6,45.0,41.5,0,72,42.3,0,5,2,9,0,4
20251127-S-PM,2025-11-27,2025-11,South,PM,238,218,20,851,5,45.0,39.9,2.3,52,40.9,10,10,3,3,1,3
20251128-N-AM,2025-11-28,2025-11,North,AM,263,247,16,835,5,52.5,48.0,4.5,59,45.35,0,6,2,3,2,3
20251128-N-PM,2025-11-28,2025-11,North,PM,283,270,13,839,7,52.5,47.7,1.4,75,49.95,10,5,2,3,2,1
20251128-S-AM,2025-11-28,2025-11,South,AM,289,247,42,1083,7,45.0,40.4,4.2,94,52.75,0,27,7,4,1,3
20251128-S-PM,2025-11-28,2025-11,South,PM,192,189,3,763,3,45.0,42.9,4.6,74,36.2,20,0,1,2,0,0
20251201-N-AM,2025-12-01,2025-12,North,AM,306,266,40,880,8,52.5,46.8,4.1,50,50.9,35,19,7,6,6,2
20251201-N-PM,2025-12-01,2025-12,North,PM,227,223,4,645,3,52.5,50.5,4.4,51,39.15,0,1,1,1,0,1
20251201-S-AM,2025-12-01,2025-12,South,AM,258,226,32,851,4,45.0,39.3,3.1,79,46.6,60,24,3,4,0,1
20251201-S-PM,2025-12-01,2025-12,South,PM,262,237,25,830,8,45.0,40.5,2.8,52,44.5,20,12,5,2,2,4
20251202-N-AM,2025-12-02,2025-12,North,AM,264,257,7,890,5,52.5,47.3,0.7,38,43.4,0,2,1,4,0,0
20251202-N-PM,2025-12-02,2025-12,North,PM,251,247,4,841,6,52.5,50.1,4.1,39,41.55,0,1,1,1,0,1
20251202-S-AM,2025-12-02,2025-12,South,AM,278,248,30,942,11,45.0,42.6,2.7,105,52.2,10,21,0,3,1,5
20251202-S-PM,2025-12-02,2025-12,South,PM,257,231,26,985,6,45.0,40.3,3.8,87,47.25,0,17,2,5,1,1
20251203-N-AM,2025-12-03,2025-12,North,AM,245,228,17,760,10,52.5,51.5,5.1,55,42.25,60,2,7,3,2,3
20251203-N-PM,2025-12-03,2025-12,North,PM,309,277,32,983,7,52.5,49.8,2.6,63,52.65,0,16,7,2,0,7
20251203-S-AM,2025-12-03,2025-12,South,AM,260,227,33,852,10,45.0,39.5,3.1,91,48.1,35,13,9,4,3,4
20251203-S-PM,2025-12-03,2025-12,South,PM,276,229,47,1195,6,45.0,40.0,0,124,53.8,0,31,5,6,1,4
20251204-N-AM,2025-12-04,2025-12,North,AM,251,243,8,781,6,52.5,48.0,4.0,50,42.65,0,1,2,2,1,2
20251204-N-PM,2025-12-04,2025-12,North,PM,295,276,19,694,5,52.5,47.8,1.9,24,46.65,35,8,3,3,3,2
20251204-S-AM,2025-12-04,2025-12,South,AM,236,224,12,741,5,45.0,40.9,2.7,76,43.0,0,6,2,1,0,3
20251204-S-PM,2025-12-04,2025-12,South,PM,258,234,24,982,4,45.0,43.9,1.9,91,47.8,35,11,3,6,2,2
20251205-N-AM,2025-12-05,2025-12,North,AM,308,276,32,1057,5,52.5,49.2,0.9,96,55.8,0,17,5,5,0,5
20251205-N-PM,2025-12-05,2025-12,North,PM,256,235,21,723,4,52.5,47.8,4.8,35,41.9,0,2,2,3,11,3
20251205-S-AM,2025-12-05,2025-12,South,AM,290,239,51,1080,11,45.0,43.7,3.3,88,52.3,60,25,11,10,0,5
20251205-S-PM,2025-12-05,2025-12,South,PM,256,234,22,974,14,45.0,42.5,1.9,88,47.2,0,13,7,1,1,0
20251208-N-AM,2025-12-08,2025-12,North,AM,341,294,47,1121,6,52.5,46.9,2.4,44,55.55,0,22,6,9,3,7
20251208-N-PM,2025-12-08,2025-12,North,PM,347,292,55,1066,9,52.5,51.3,4.5,77,59.75,60,27,9,4,0,15
20251208-S-AM,2025-12-08,2025-12,South,AM,204,181,23,790,6,45.0,42.0,3.8,62,36.8,10,2,6,1,12,2
20251208-S-PM,2025-12-08,2025-12,South,PM,315,261,54,1055,8,45.0,40.6,3.1,93,56.55,0,34,8,6,2,4
20251209-N-AM,2025-12-09,2025-12,North,AM,267,258,9,806,7,52.5,47.5,2.1,40,44.05,0,5,1,3,0,0
20251209-N-PM,2025-12-09,2025-12,North,PM,277,258,19,1127,9,52.5,49.7,2.4,116,53.15,10,9,5,3,0,2
20251209-S-AM,2025-12-09,2025-12,South,AM,243,204,39,785,10,45.0,39.8,1.1,65,42.95,35,8,9,2,17,3
20251209-S-PM,2025-12-09,2025-12,South,PM,192,182,10,698,7,45.0,42.2,1.6,61,34.9,60,2,5,2,0,1
20251210-N-AM,2025-12-10,2025-12,North,AM,241,222,19,843,6,52.5,48.8,3.2,56,41.75,0,2,3,1,11,2
20251210-N-PM,2025-12-10,2025-12,North,PM,312,286,26,1026,13,52.5,49.6,2.1,84,55.2,35,12,8,5,0,1
20251210-S-AM,2025-12-10,2025-12,South,AM,222,205,17,805,8,45.0,43.7,2.0,61,39.4,0,0,3,2,9,3
20251210-S-PM,2025-12-10,2025-12,South,PM,274,238,36,1103,18,45.0,41.5,3.1,108,51.9,0,21,6,4,3,2
20251211-N-AM,2025-12-11,2025-12,North,AM,270,250,20,1040,2,52.5,49.1,5.5,81,48.6,10,7,2,5,0,6
20251211-N-PM,2025-12-11,2025-12,North,PM,241,234,7,772,5,52.5,47.4,3.4,69,43.05,0,1,1,2,2,1
20251211-S-AM,2025-12-11,2025-12,South,AM,258,231,27,974,3,45.0,39.4,1.5,72,45.9,0,15,3,2,2,5
20251211-S-PM,2025-12-11,2025-12,South,PM,282,225,57,914,13,45.0,40.2,3.4,102,52.5,60,36,13,2,1,5
20251212-N-AM,2025-12-12,2025-12,North,AM,271,255,16,767,8,52.5,50.4,1.3,70,47.65,10,6,3,2,4,1
20251212-N-PM,2025-12-12,2025-12,North,PM,277,260,17,861,3,52.5,48.1,1.6,56,47.15,10,9,1,5,2,0
20251212-S-AM,2025-12-12,2025-12,South,AM,188,162,26,592,6,45.0,40.1,4.1,71,35.3,35,4,2,5,14,1
20251212-S-PM,2025-12-12,2025-12,South,PM,242,231,11,711,11,45.0,41.9,2.3,72,43.5,10,5,1,3,1,1
20251215-N-AM,2025-12-15,2025-12,North,AM,264,251,13,770,5,52.5,47.8,3.6,42,43.8,35,6,4,1,1,1
20251215-N-PM,2025-12-15,2025-12,North,PM,319,273,46,951,8,52.5,49.6,2.4,80,55.85,20,12,7,3,22,2
20251215-S-AM,2025-12-15,2025-12,South,AM,288,246,42,901,5,45.0,40.0,3.7,84,51.6,10,31,2,6,0,3
20251215-S-PM,2025-12-15,2025-12,South,PM,216,204,12,674,5,45.0,43.7,3.1,69,39.3,60,3,3,4,1,1
20251216-N-AM,2025-12-16,2025-12,North,AM,266,241,25,758,7,52.5,47.5,2.2,54,45.3,35,13,6,2,1,3
20251216-N-PM,2025-12-16,2025-12,North,PM,247,236,11,699,4,52.5,46.6,4.3,56,42.65,0,6,1,2,1,1
20251216-S-AM,2025-12-16,2025-12,South,AM,257,231,26,972,8,45.0,41.1,4.4,92,47.75,10,18,3,1,2,2
20251216-S-PM,2025-12-16,2025-12,South,PM,226,211,15,767,4,45.0,42.5,2.4,74,41.3,60,6,2,4,1,2
20251217-N-AM,2025-12-17,2025-12,North,AM,267,257,10,924,2,52.5,51.1,2.6,60,46.05,20,5,1,1,2,1
20251217-N-PM,2025-12-17,2025-12,North,PM,281,264,17,935,8,52.5,49.0,1.3,48,46.95,0,5,4,5,1,2
20251217-S-AM,2025-12-17,2025-12,South,AM,258,227,31,896,4,45.0,39.0,4.3,95,48.2,10,18,4,4,0,5
20251217-S-PM,2025-12-17,2025-12,South,PM,239,222,17,857,3,45.0,40.7,1.7,50,40.85,0,9,2,4,1,1
20251218-N-AM,2025-12-18,2025-12,North,AM,264,236,28,682,8,52.5,47.9,1.3,50,44.6,60,12,7,4,5,0
20251218-N-PM,2025-12-18,2025-12,North,PM,274,269,5,949,7,52.5,50.2,3.1,53,46.4,0,1,0,3,0,1
20251218-S-AM,2025-12-18,2025-12,South,AM,287,258,29,972,5,45.0,42.8,1.5,93,52.35,20,19,4,2,1,3
20251218-S-PM,2025-12-18,2025-12,South,PM,273,238,35,939,12,45.0,40.5,1.7,86,49.55,35,20,9,2,2,2
20251219-N-AM,2025-12-19,2025-12,North,AM,274,265,9,745,5,52.5,49.0,2.0,48,45.9,10,4,2,1,0,2
20251219-N-PM,2025-12-19,2025-12,North,PM,249,235,14,799,4,52.5,48.0,3.9,47,42.05,60,0,4,6,1,3
20251219-S-AM,2025-12-19,2025-12,South,AM,218,210,8,826,4,45.0,43.7,3.7,93,42.0,0,3,1,1,1,2
20251219-S-PM,2025-12-19,2025-12,South,PM,234,222,12,834,4,45.0,42.8,2.0,54,40.5,10,4,3,3,2,0
20251222-N-AM,2025-12-22,2025-12,North,AM,306,274,32,1164,6,52.5,47.2,3.4,90,54.9,0,15,6,4,0,7
20251222-N-PM,2025-12-22,2025-12,North,PM,319,290,29,982,10,52.5,47.7,1.5,59,53.75,35,17,6,4,1,1
20251222-S-AM,2025-12-22,2025-12,South,AM,262,236,26,915,9,45.0,40.6,3.2,83,47.6,0,13,4,5,2,2
20251222-S-PM,2025-12-22,2025-12,South,PM,286,246,40,871,6,45.0,39.3,2.3,95,52.4,0,30,2,4,0,4
20251223-N-AM,2025-12-23,2025-12,North,AM,271,253,18,735,2,52.5,48.8,2.7,59,46.55,0,10,2,2,0,4
20251223-N-PM,2025-12-23,2025-12,North,PM,289,259,30,850,5,52.5,48.3,2.8,75,50.85,0,18,3,4,4,1
20251223-S-AM,2025-12-23,2025-12,South,AM,264,230,34,911,10,45.0,42.4,2.2,104,50.0,60,19,6,6,0,3
20251223-S-PM,2025-12-23,2025-12,South,PM,208,205,3,614,3,45.0,42.6,2.1,51,36.3,0,0,2,0,0,1
20251224-N-AM,2025-12-24,2025-12,North,AM,233,228,5,747,9,52.5,49.7,1.9,57,40.65,0,0,3,1,0,1
20251224-N-PM,2025-12-24,2025-12,North,PM,305,273,32,755,6,52.5,47.0,4.1,44,50.15,20,16,6,3,1,6
20251224-S-AM,2025-12-24,2025-12,South,AM,247,212,35,915,10,45.0,42.9,4.0,121,49.15,20,17,7,5,1,5
20251224-S-PM,2025-12-24,2025-12,South,PM,293,239,54,864,10,45.0,39.6,3.8,92,53.15,0,36,10,2,2,4
20251225-N-AM,2025-12-25,2025-12,North,AM,230,217,13,603,5,52.5,50.2,4.9,26,37.1,60,0,5,4,2,2
20251225-N-PM,2025-12-25,2025-12,North,PM,286,265,21,1064,6,52.5,48.0,2.6,100,52.9,10,12,4,1,2,2
20251225-S-AM,2025-12-25,2025-12,South,AM,250,218,32,860,9,45.0,41.6,6.6,69,44.4,60,18,7,3,0,4
20251225-S-PM,2025-12-25,2025-12,South,PM,194,174,20,763,3,45.0,39.5,0.1,90,38.1,60,7,3,6,1,3
20251226-N-AM,2025-12-26,2025-12,North,AM,246,232,14,624,5,52.5,47.4,3.1,26,39.5,35,1,3,4,1,5
20251226-N-PM,2025-12-26,2025-12,North,PM,243,236,7,840,5,52.5,47.0,1.5,58,42.25,0,4,0,2,1,0
20251226-S-AM,2025-12-26,2025-12,South,AM,259,232,27,968,10,45.0,42.8,5.8,78,46.65,35,14,8,5,0,0
20251226-S-PM,2025-12-26,2025-12,South,PM,240,223,17,782,5,45.0,42.9,4.4,79,43.9,10,9,5,1,2,0
20251229-N-AM,2025-12-29,2025-12,North,AM,287,272,15,885,4,52.5,49.6,2.5,62,49.25,0,9,2,3,0,1
20251229-N-PM,2025-12-29,2025-12,North,PM,292,252,40,892,6,52.5,46.8,2.5,75,51.3,60,17,6,6,4,7
20251229-S-AM,2025-12-29,2025-12,South,AM,270,232,38,998,6,45.0,40.9,4.7,89,49.4,0,18,6,9,0,5
20251229-S-PM,2025-12-29,2025-12,South,PM,310,267,43,993,12,45.0,43.8,2.0,88,55.3,0,24,9,6,2,2
20251230-N-AM,2025-12-30,2025-12,North,AM,232,220,12,700,3,52.5,47.0,4.2,61,40.9,20,5,1,4,0,2
20251230-N-PM,2025-12-30,2025-12,North,PM,277,266,11,874,5,52.5,50.5,5.2,36,45.15,0,2,2,4,3,0
20251230-S-AM,2025-12-30,2025-12,South,AM,259,242,17,915,3,45.0,41.7,3.5,49,43.75,20,7,2,6,1,1
20251230-S-PM,2025-12-30,2025-12,South,PM,207,200,7,716,2,45.0,43.4,3.8,61,37.15,0,1,1,3,1,1
20251231-N-AM,2025-12-31,2025-12,North,AM,260,245,15,841,8,52.5,47.1,3.0,60,45.0,0,6,1,5,1,2
20251231-N-PM,2025-12-31,2025-12,North,PM,242,231,11,907,6,52.5,51.1,1.5,63,42.6,35,0,3,4,2,2
20251231-S-AM,2025-12-31,2025-12,South,AM,204,195,9,680,7,45.0,43.0,3.0,33,33.9,0,2,3,1,2,1
20251231-S-PM,2025-12-31,2025-12,South,PM,234,195,39,961,7,45.0,41.6,3.2,92,44.3,35,20,7,7,2,3
