participant_id,condition,condition_order,sleep_hours,reaction_time_ms,countermovement_jump_cm
P-001,Rested,restricted-first,7.29,269.0,41.0
P-001,Restricted,restricted-first,5.27,280.2,39.6
P-002,Rested,rested-first,7.69,274.0,45.3
P-002,Restricted,rested-first,5.49,272.7,48.1
P-003,Rested,restricted-first,6.78,274.7,47.4
P-003,Restricted,restricted-first,4.86,324.4,43.9
P-004,Rested,rested-first,7.5,241.2,59.8
P-004,Restricted,rested-first,6.07,252.7,62.1
P-005,Rested,restricted-first,7.97,259.8,39.6
P-005,Restricted,restricted-first,5.42,302.5,35.7
P-006,Rested,rested-first,7.63,326.3,31.4
P-006,Restricted,rested-first,5.01,336.0,33.2
P-007,Rested,restricted-first,8.13,301.3,31.4
P-007,Restricted,restricted-first,5.76,343.0,30.8
P-008,Rested,rested-first,8.03,286.4,45.4
P-008,Restricted,rested-first,5.57,318.5,47.6
P-009,Rested,restricted-first,7.45,241.4,40.3
P-009,Restricted,restricted-first,5.82,268.6,35.2
P-010,Rested,rested-first,7.25,289.0,52.3
P-010,Restricted,rested-first,5.3,295.1,49.3
P-011,Rested,restricted-first,7.77,299.2,40.6
P-011,Restricted,restricted-first,4.97,331.4,36.7
P-012,Rested,rested-first,7.85,254.0,41.4
P-012,Restricted,rested-first,5.29,279.4,36.4
P-013,Rested,restricted-first,7.39,339.9,39.5
P-013,Restricted,restricted-first,4.94,376.5,40.2
P-014,Rested,rested-first,7.67,300.4,43.7
P-014,Restricted,rested-first,5.37,328.3,43.0
P-015,Rested,restricted-first,6.94,267.7,44.6
P-015,Restricted,restricted-first,4.26,301.9,43.0
P-016,Rested,rested-first,7.92,256.2,40.9
P-016,Restricted,rested-first,5.24,267.4,38.7
P-017,Rested,restricted-first,7.88,289.6,54.4
P-017,Restricted,restricted-first,6.03,319.6,48.6
P-018,Rested,rested-first,8.5,301.0,52.2
P-018,Restricted,rested-first,5.28,340.5,48.4
P-019,Rested,restricted-first,8.4,266.3,60.3
P-019,Restricted,restricted-first,4.9,314.1,55.6
P-020,Rested,rested-first,7.87,261.7,54.1
P-020,Restricted,rested-first,5.48,280.9,48.4
P-021,Rested,restricted-first,7.99,276.6,40.7
P-021,Restricted,restricted-first,5.53,305.3,42.2
P-022,Rested,rested-first,8.0,239.7,46.7
P-022,Restricted,rested-first,5.53,247.5,45.5
P-023,Rested,restricted-first,8.08,280.9,39.7
P-023,Restricted,restricted-first,4.73,313.4,36.4
P-024,Rested,rested-first,6.61,293.4,47.3
P-024,Restricted,rested-first,5.27,313.9,44.2
P-025,Rested,restricted-first,8.24,243.3,55.0
P-025,Restricted,restricted-first,4.9,264.6,48.7
P-026,Rested,rested-first,7.0,267.7,43.4
P-026,Restricted,rested-first,5.42,306.8,44.1
P-027,Rested,restricted-first,8.26,225.4,50.4
P-027,Restricted,restricted-first,6.18,260.5,41.7
P-028,Rested,rested-first,7.45,265.2,49.6
P-028,Restricted,rested-first,4.89,305.0,41.5
P-029,Rested,restricted-first,6.89,315.5,43.2
P-029,Restricted,restricted-first,5.75,323.4,47.0
P-030,Rested,rested-first,7.03,318.1,45.0
P-030,Restricted,rested-first,4.49,346.3,44.7
P-031,Rested,restricted-first,7.11,282.9,45.8
P-031,Restricted,restricted-first,5.34,306.4,44.0
P-032,Rested,rested-first,7.24,294.3,44.0
P-032,Restricted,rested-first,5.33,305.0,41.3
P-033,Rested,restricted-first,6.8,312.8,49.9
P-033,Restricted,restricted-first,5.42,321.2,46.1
P-034,Rested,rested-first,7.26,308.3,39.4
P-034,Restricted,rested-first,4.99,311.1,34.6
P-035,Rested,restricted-first,7.74,315.8,50.1
P-035,Restricted,restricted-first,6.29,318.1,48.7
P-036,Rested,rested-first,7.74,264.1,33.5
P-036,Restricted,rested-first,5.59,291.9,37.3
P-037,Rested,restricted-first,8.08,295.4,54.1
P-037,Restricted,restricted-first,4.92,329.0,53.9
P-038,Rested,rested-first,8.19,290.4,44.6
P-038,Restricted,rested-first,5.21,334.7,35.4
P-039,Rested,restricted-first,7.14,279.5,50.1
P-039,Restricted,restricted-first,5.36,286.2,51.6
P-040,Rested,rested-first,8.07,278.3,35.1
P-040,Restricted,rested-first,4.72,290.5,36.5
P-041,Rested,restricted-first,7.28,292.3,47.9
P-041,Restricted,restricted-first,4.46,286.9,42.9
P-042,Rested,rested-first,7.54,302.4,49.3
P-042,Restricted,rested-first,4.35,323.1,50.4
P-043,Rested,restricted-first,8.27,232.0,45.9
P-043,Restricted,restricted-first,5.36,276.0,45.4
P-044,Rested,rested-first,8.01,319.7,36.1
P-044,Restricted,rested-first,5.53,357.8,35.0
P-045,Rested,restricted-first,7.63,312.3,50.4
P-045,Restricted,restricted-first,5.81,328.4,49.5
P-046,Rested,rested-first,7.51,239.7,39.7
P-046,Restricted,rested-first,4.8,281.8,40.9
P-047,Rested,restricted-first,7.94,287.2,50.1
P-047,Restricted,restricted-first,5.7,298.1,46.3
P-048,Rested,rested-first,7.46,353.1,41.6
P-048,Restricted,rested-first,5.78,361.0,43.4
P-049,Rested,restricted-first,8.1,282.7,41.0
P-049,Restricted,restricted-first,5.0,301.9,37.2
P-050,Rested,rested-first,8.84,280.0,35.6
P-050,Restricted,rested-first,5.81,304.6,31.1
P-051,Rested,restricted-first,7.55,341.1,34.2
P-051,Restricted,restricted-first,5.38,295.5,35.0
P-052,Rested,rested-first,7.02,281.0,35.5
P-052,Restricted,rested-first,5.09,318.2,42.5
P-053,Rested,restricted-first,8.16,265.3,49.9
P-053,Restricted,restricted-first,5.24,308.1,48.6
P-054,Rested,rested-first,7.6,276.4,41.2
P-054,Restricted,rested-first,6.32,300.2,44.0
P-055,Rested,restricted-first,7.67,310.9,42.7
P-055,Restricted,restricted-first,5.9,339.0,44.8
P-056,Rested,rested-first,8.91,260.3,51.6
P-056,Restricted,rested-first,5.16,279.4,46.8
P-057,Rested,restricted-first,7.61,245.6,52.5
P-057,Restricted,restricted-first,5.38,267.1,48.9
P-058,Rested,rested-first,7.39,296.0,48.5
P-058,Restricted,rested-first,5.77,300.6,50.4
P-059,Rested,restricted-first,8.03,276.3,41.2
P-059,Restricted,restricted-first,5.16,320.1,41.5
P-060,Rested,rested-first,7.25,299.5,50.3
P-060,Restricted,rested-first,5.44,318.8,48.0
P-061,Rested,restricted-first,7.18,311.4,46.7
P-061,Restricted,restricted-first,5.73,310.7,45.7
P-062,Rested,rested-first,8.07,310.2,47.7
P-062,Restricted,rested-first,5.52,310.1,40.6
P-063,Rested,restricted-first,7.06,309.6,43.4
P-063,Restricted,restricted-first,4.88,329.3,40.8
P-064,Rested,rested-first,7.6,267.7,48.4
P-064,Restricted,rested-first,5.75,273.2,48.8
P-065,Rested,restricted-first,6.98,259.7,42.3
P-065,Restricted,restricted-first,5.47,272.6,35.9
P-066,Rested,rested-first,8.08,277.2,50.9
P-066,Restricted,rested-first,4.7,294.0,46.3
P-067,Rested,restricted-first,8.05,271.2,47.9
P-067,Restricted,restricted-first,5.77,278.8,46.6
P-068,Rested,rested-first,7.47,244.8,42.0
P-068,Restricted,rested-first,4.91,299.3,37.8
P-069,Rested,restricted-first,7.56,279.8,45.9
P-069,Restricted,restricted-first,5.32,309.3,44.9
P-070,Rested,rested-first,6.98,269.8,50.7
P-070,Restricted,rested-first,5.82,298.4,50.0
P-071,Rested,restricted-first,7.64,267.5,46.0
P-071,Restricted,restricted-first,5.25,306.7,45.4
P-072,Rested,rested-first,8.5,259.2,41.0
P-072,Restricted,rested-first,4.64,286.5,35.3
P-073,Rested,restricted-first,7.16,308.0,48.2
P-073,Restricted,restricted-first,4.63,335.0,49.6
P-074,Rested,rested-first,6.99,288.1,52.1
P-074,Restricted,rested-first,5.4,288.2,50.8
P-075,Rested,restricted-first,8.07,297.4,41.2
P-075,Restricted,restricted-first,5.19,313.1,37.6
P-076,Rested,rested-first,8.4,270.7,51.0
P-076,Restricted,rested-first,5.43,307.8,49.5
P-077,Rested,restricted-first,7.07,287.5,40.4
P-077,Restricted,restricted-first,4.78,310.4,36.0
P-078,Rested,rested-first,7.91,271.5,38.1
P-078,Restricted,rested-first,5.42,301.3,39.9
P-079,Rested,restricted-first,7.61,249.5,39.9
P-079,Restricted,restricted-first,5.27,287.8,44.6
P-080,Rested,rested-first,7.64,222.6,44.9
P-080,Restricted,rested-first,4.98,248.4,41.2
P-081,Rested,restricted-first,7.77,319.6,51.2
P-081,Restricted,restricted-first,5.4,358.5,54.4
P-082,Rested,rested-first,8.55,291.4,55.5
P-082,Restricted,rested-first,5.6,318.3,52.0
P-083,Rested,restricted-first,8.16,253.4,25.6
P-083,Restricted,restricted-first,5.08,293.1,28.2
P-084,Rested,rested-first,8.29,279.9,42.1
P-084,Restricted,rested-first,5.36,310.1,40.5
P-085,Rested,restricted-first,7.95,297.1,42.0
P-085,Restricted,restricted-first,5.94,334.0,41.9
P-086,Rested,rested-first,8.11,276.2,46.1
P-086,Restricted,rested-first,5.78,298.6,39.7
P-087,Rested,restricted-first,7.18,276.6,39.4
P-087,Restricted,restricted-first,5.12,296.3,36.9
P-088,Rested,rested-first,7.93,279.4,44.6
P-088,Restricted,rested-first,5.3,314.4,39.1
P-089,Rested,restricted-first,5.73,296.9,49.2
P-089,Restricted,restricted-first,5.03,318.9,49.5
P-090,Rested,rested-first,7.49,262.9,40.6
P-090,Restricted,rested-first,5.84,273.8,39.1
P-091,Rested,restricted-first,7.52,302.7,42.3
P-091,Restricted,restricted-first,5.49,331.7,38.7
P-092,Rested,rested-first,7.64,295.6,45.4
P-092,Restricted,rested-first,5.39,309.2,44.2
P-093,Rested,restricted-first,8.15,265.0,46.0
P-093,Restricted,restricted-first,5.91,308.3,45.4
P-094,Rested,rested-first,8.01,298.4,51.8
P-094,Restricted,rested-first,5.23,336.5,44.4
P-095,Rested,restricted-first,7.82,268.6,50.5
P-095,Restricted,restricted-first,5.23,311.1,44.9
P-096,Rested,rested-first,7.8,239.4,42.9
P-096,Restricted,rested-first,5.44,266.8,43.7
